target pageflip timestamp,pageflip timestamp,render start,render end,safety margin,refresh duration,vrr,tearing,predicted render time
8033933011976,8034001081000,8033955637039,8033966329314,20755809,16666666,0,0,0
8033999678640,8034034497000,8033992227920,8034000647728,29940121,16666666,0,0,0
8034034417666,8034051204000,8034007159477,8034007230083,32303797,16668333,0,0,32076825
8034084540666,8034101328000,8034053670482,8034060858140,33353326,16668333,0,0,31396801
8034117877332,8034134744000,8034088376521,8034093569116,33014400,16668333,0,0,31396801
8034151332999,8034168160000,8034122164342,8034128837961,33800247,16668333,0,0,30918610
8034184748999,8034201576000,8034156096683,8034159831342,33524415,16668333,0,0,30487587
8034218164999,8034234993000,8034190415845,8034195240344,33730198,16668333,0,0,30177174
8034251580999,8034268407000,8034224376739,8034226833910,33694826,16668333,0,0,29683955
8034284997999,8034285116000,8034258780470,8034261704329,24315130,16668333,0,0,29289428
8034318452666,8034318530000,8034293478824,8034296301279,23027849,16668333,0,0,28519231
8034351866666,8034351947000,8034327516202,8034330376522,22163409,16668333,0,0,28051224
8034368534999,8034385363000,8034351931269,8034357631822,27452828,16668333,0,0,28051224
8034385283666,8034468904000,8034358262361,8034360344361,101037934,16668333,0,0,27610027
8034552046330,8034552439000,8034521557385,8034525054903,26753303,16668333,0,0,27381228
8034568913998,8034585858000,8034552028180,8034555010903,22154637,16668333,0,0,26225655
8034585775666,8034602564000,8034555194045,8034566383001,33471310,16668333,0,0,25456953
8034619194666,8034619275000,8034586035360,8034591591243,27402066,16668333,0,0,25149529
8034635900666,8034635984000,8034602839956,8034609055907,26234986,16668333,0,0,25307222
8034652611666,8034652690000,8034623617640,8034629185032,22796699,16668333,0,0,25240445
8034686026666,8034686104000,8034658051261,8034664173866,21159589,16668333,0,0,25131951
8034719440666,8034719521000,8034692567394,8034698975821,19590438,16668333,0,0,25040437
8034752857666,8034752940000,8034726560004,8034733363416,19108575,16668333,0,0,24970753
8034786276666,8034803058000,8034761129262,8034775520264,26561542,16668333,0,0,24929974
8034819613332,8034819768000,8034795702741,8034799482447,20241548,16668333,0,0,24929974
8034853104666,8034853182000,8034829723472,8034833736048,19366529,16668333,0,0,25594752
8034886518666,8034886600000,8034864317100,8034868867187,17104469,16668333,0,0,25306232
8034919936666,8034936722000,8034899401826,8034904340244,32302166,16668333,0,0,25066461
8034953273332,8034970140000,8034933511141,8034940452084,29774021,16668333,0,0,25066461
8034986726999,8035020265000,8034967461931,8034981794690,31606060,16668333,0,0,24760217
8035120274998,8035137216000,8035100048733,8035106973993,30364133,16668333,0,0,25490064
8035153611664,8035187343000,8035133074615,8035149247465,33859491,16668333,0,0,25490064
8035187220999,8035204047000,8035167759402,8035175497474,28003252,16668333,0,0,25083021
8035220679666,8035237465000,8035201725993,8035208287482,28475839,16668333,0,0,26169928
8035254051999,8035270882000,8035236702965,8035242813294,27263827,16668333,0,0,26110665
8035287469999,8035304301000,8035270682688,8035277865782,26382420,16668333,0,0,25914327
8035337637666,8035337716000,8035305446681,8035312493716,24898051,16668333,0,0,25555449
8035371052666,8035371131000,8035339841378,8035345582299,25294098,16668333,0,0,25410237
8035404467666,8035421255000,8035374298156,8035378108267,33339288,16668333,0,0,25181361
8035437804332,8035437961000,8035408563328,8035412924195,25018754,16668333,0,0,25181361
8035471297666,8035471375000,8035440497972,8035445847151,25494917,16668333,0,0,24515405
8035487965999,8035504795000,8035454923870,8035461549726,33292294,16668333,0,0,24515405
8035504711666,8035521502000,8035477543515,8035480992383,33459258,16668333,0,0,24302112
8035538131666,8035554918000,8035512020538,8035517328362,33939518,16668333,0,0,24182425
8035571506999,8035571626000,8035546266504,8035551273366,20029706,16668333,0,0,24017478
8035638299332,8035688582000,8035615274790,8035623215603,27698382,16668333,0,0,23714706
8035688304331,8035721999000,8035661922949,8035674912726,33395314,16668333,0,0,23714706
8035721918666,8035738701000,8035689696156,8035694535133,33774094,16668333,0,0,23728557
8035755335666,8035772117000,8035721767663,8035735797106,24532695,16668333,0,0,24104644
8035772037666,8035805537000,8035751631448,8035755002811,33369180,16668333,0,0,23973461
8035805453666,8035822247000,8035786255732,8035789820030,32672818,16668333,0,0,24406230
8035838873666,8035855658000,8035820804488,8035826641484,29013259,16668333,0,0,24021537
8035855583666,8035872369000,8035835459629,8035838134784,33765465,16668333,0,0,23845650
8035888994666,8035905780000,8035856743179,8035864017552,33188485,16668333,0,0,23654764
8035905705666,8035922500000,8035873688234,8035880276811,33852218,16668333,0,0,23457175
8035939116666,8035939201000,8035905519827,8035914953323,24700782,16668333,0,0,23382181
8035955836666,8035972617000,8035923584643,8035928618719,33330120,16668333,0,0,23320335
8035972537666,8035989321000,8035940309225,8035946117392,33463063,16668333,0,0,23367456
8036005953666,8036006033000,8035972413360,8035979590580,26601796,16668333,0,0,23136199
8036022657666,8036039449000,8035989042130,8035996915434,32929320,16668333,0,0,23051417
8036039369666,8036056156000,8036005694158,8036013720243,32330629,16668333,0,0,23015014
8036072785666,8036072864000,8036039091818,8036043236677,29976733,16668333,0,0,22996178
8036089492666,8036106279000,8036055963005,8036059927148,33047794,16668333,0,0,22990581
8036106200666,8036122986000,8036072700441,8036078647535,33077771,16668333,0,0,22848732
8036139615666,8036139695000,8036106173244,8036110933469,28172844,16668333,0,0,22559727
8036156322666,8036156403000,8036122882533,8036126946358,29403768,16668333,0,0,22488435
8036256412998,8036273360000,8036239559738,8036246997772,25750492,16668333,0,0,22247644
8036289749664,8036306776000,8036270930374,8036278066215,28019809,16668333,0,0,22247644
8036323364999,8036340188000,8036306018645,8036314677837,25045187,16668333,0,0,22175399
8036356780999,8036373608000,8036337345868,8036345180548,28737497,16668333,0,0,22117132
8036373524666,8036390314000,8036340169440,8036352853239,31417077,16668333,0,0,22176256
8036406944666,8036407021000,8036373747074,8036378650740,27963287,16668333,0,0,22161808
8036423650666,8036440437000,8036406579244,8036413668539,26037568,16668333,0,0,22341462
8036473694332,8036473850000,8036440611420,8036451607339,22137289,16668333,0,0,22223135
8036507186666,8036507271000,8036474810762,8036481127669,25850123,16668333,0,0,22357535
8036540607666,8036540684000,8036508440652,8036514905795,25257087,16668333,0,0,22204001
8036574020666,8036574100000,8036542314183,8036550840788,22485452,16668333,0,0,22065555
8036607436666,8036607515000,8036577250859,8036584207464,22772575,16668333,0,0,22083375
8036640851666,8036640931000,8036611871511,8036620574903,19569858,16668333,0,0,21976558
8036674267666,8036674346000,8036646418705,8036653936482,19566800,16668333,0,0,22004210
8036707604332,8036774597000,8036680015900,8036688410975,21924227,16668333,0,0,22004210
8036774355998,8036791305000,8036753727222,8036765804762,25229055,16668333,0,0,21932478
8036807933666,8036808014000,8036781697206,8036786991605,20145668,16668333,0,0,21921894
8036841350666,8036841425000,8036816131882,8036821100280,20329024,16668333,0,0,21934583
8036874761666,8036891551000,8036850659698,8036859085425,30609432,16668333,0,0,21674688
8036908098332,8036924967000,8036885207588,8036892547422,30595948,16668333,0,0,21674688
8036941555999,8036958381000,8036919539202,8036929203260,28618144,16668333,0,0,21665790
8036974971999,8036991800000,8036953822451,8036959329987,30055454,16668333,0,0,21571141
8037008385999,8037025218000,8036987640052,8036994261928,29552159,16668333,0,0,21656706
8037041804999,8037058628000,8037021847115,8037032030544,26088946,16668333,0,0,21432036
8037058554666,8037075338000,8037028127311,8037037789055,29832776,16668333,0,0,21292105
8037091964666,8037092048000,8037058772070,8037065930736,25552909,16668333,0,0,21424729
8037108674666,8037125466000,8037090704814,8037099745715,24883709,16668333,0,0,21463852
8037158802666,8037158880000,8037125801687,8037133402155,24570308,16668333,0,0,21432663
8037192216666,8037192293000,8037159947861,8037167245693,25047546,16668333,0,0,21342720
8037225629666,8037225708000,8037194591075,8037201328249,23932504,16668333,0,0,21233919
8037342386331,8037342663000,8037310289729,8037318288212,23991241,16668333,0,0,21090293
8037375999666,8037376079000,8037343623989,8037351434650,24568231,16668333,0,0,20911960
8037409415666,8037409500000,8037378022874,8037384583294,24277520,16668333,0,0,20842219
8037442836666,8037442912000,8037412665874,8037422355893,19917224,16668333,0,0,20688609
8037476248666,8037476332000,8037446987490,8037454035437,22233821,16668333,0,0,20772271
8037509668666,8037509742000,8037481322663,8037486002194,23181035,16668333,0,0,20648397
8037543078666,8037543161000,8037515816105,8037520075909,22332523,16668333,0,0,20370160
8037576497666,8037593282000,8037550483717,8037563087683,28044433,16668333,0,0,20077998
8037609834332,8037609992000,8037585348036,8037590763375,18387952,16668333,0,0,20077998
8037643328666,8037660117000,8037619970826,8037625654738,27782491,16668333,0,0,20469423
8037676665332,8037693529000,8037654459689,8037661484488,26605674,16668333,0,0,20469423
8037693453666,8037710241000,8037666604345,8037671671029,28624542,16668333,0,0,20152519
8037726865666,8037726947000,8037693749702,8037698583892,27726563,16668333,0,0,20045569
8037743577666,8037760365000,8037723763116,8037729332195,27158238,16668333,0,0,19928055
8037776951999,8037793781000,8037758596082,8037767946876,24974166,16668333,0,0,19805675
8037810369999,8037827194000,8037793020437,8037801075480,25884633,16668333,0,0,19616042
8037827117666,8037843906000,8037807874092,8037813794373,27250019,16668333,0,0,19710994
8037860530666,8037944149000,8037827303108,8037832216286,18204249,16668333,0,0,19694220
8037977485666,8037977566000,8037943879014,8037948617133,28723117,16668333,0,0,18909852
8037994153999,8038010984000,8037964956642,8037970417656,30830838,16668333,0,0,18909852
8038027570999,8038027693000,8037999196005,8038002477305,25166082,16668333,0,0,18699176
8038061029666,8038061104000,8038033652064,8038040697091,20281122,16668333,0,0,18400803
8038077697999,8038077812000,8038043864397,8038051291700,26324231,16668333,0,0,18400803
8038094440666,8038111227000,8038068112642,8038073080645,29812150,16668333,0,0,18373681
8038127816999,8038127936000,8038102675612,8038109342412,17676027,16668333,0,0,18373889
8038161272666,8038178059000,8038137216148,8038145514606,28400850,16668333,0,0,18172758
8038194609332,8038211475000,8038171786870,8038179551000,29134886,16668333,0,0,18172758
8038228063999,8038244895000,8038205516281,8038211103279,28443255,16668333,0,0,18285161
8038261479999,8038278309000,8038240622147,8038247596630,28057190,16668333,0,0,18304785
8038294899999,8038311724000,8038274378311,8038282248213,28090057,16668333,0,0,18162324
8038328313999,8038345140000,8038308913733,8038316709742,27940321,16668333,0,0,18121493
8038361728999,8038378555000,8038342666104,8038351805834,26343276,16668333,0,0,18149269
8038395144999,8038411970000,8038377513274,8038385523219,26641208,16668333,0,0,18165457
8038411891666,8038428681000,8038393161894,8038398936794,28566016,16668333,0,0,18281387
8038445306666,8038445390000,8038411994515,8038416536772,28643356,16668333,0,0,18297476
8038462017666,8038462095000,8038428435433,8038436051248,26225340,16668333,0,0,18223066
8038478726666,8038545637000,8038461917414,8038468559773,26323979,16668333,0,0,18109002
8038545436665,8038562346000,8038520372142,8038532518884,27375579,16668333,0,0,18104274
8038578973666,8038579052000,8038545575901,8038550581486,28201486,16668333,0,0,17895747
8038595682666,8038595761000,8038564430771,8038570093649,25698096,16668333,0,0,18069378
8038629097666,8038629178000,8038598807191,8038604365538,24184538,16668333,0,0,17893699
8038662514666,8038662589000,8038633254534,8038640080879,22093882,16668333,0,0,17738577
8038695925666,8038696010000,8038666862873,8038673909626,21403619,16668333,0,0,17674852
8038729346666,8038729424000,8038701348708,8038710065522,18614521,16668333,0,0,17628347
8038762760666,8038779547000,8038735593134,8038748128632,26956110,16668333,0,0,17711471
8038779428999,8038796253000,8038748502292,8038753212232,27926390,16668333,0,0,17711471
8038812883666,8038812960000,8038779751987,8038785173281,27124154,16668333,0,0,18619642
8038829589666,8038829673000,8038805424512,8038810723574,18234110,16668333,0,0,18493621
8038863009666,8038863085000,8038839783098,8038845113761,17789253,16668333,0,0,18293883
8038896421666,8038913210000,8038874139701,8038880943216,27027110,16668333,0,0,18099445
8038929758332,8038946628000,8038908472663,8038915149585,25230661,16668333,0,0,18099445
8038963214999,8038980042000,8038942686409,8038951878240,25510612,16668333,0,0,17969280
8038996632999,8039013458000,8038977764052,8038984374434,26262993,16668333,0,0,17877156
8039113467998,8039130413000,8039084689606,8039095553177,26040891,16668333,0,0,17875491
8039146804664,8039147124000,8039117548504,8039125118773,21628778,16668333,0,0,17875491
8039180460666,8039180538000,8039152286128,8039160843351,19318761,16668333,0,0,18616660
8039213874666,8039213955000,8039186772741,8039193491638,19973545,16668333,0,0,18597125
8039247291666,8039247368000,8039221052867,8039229934208,15784390,16668333,0,0,18447157
8039263959999,8039264077000,8039230568905,8039241285436,22884180,16668333,0,0,18447157
8039280704666,8039280782000,8039247223280,8039252479254,25975086,16668333,0,0,18458016
8039297413666,8039297491000,8039264026275,8039268213476,26459374,16668333,0,0,18532823
8039314118666,8039314199000,8039288774519,8039294257316,19373395,16668333,0,0,18407420
8039347535666,8039364325000,8039322398750,8039338021873,25293317,16668333,0,0,18139424
8039380872332,8039397738000,8039357252953,8039361289836,24345296,16668333,0,0,18139424
8039414329999,8039414448000,8039391676278,8039397893426,16280733,16668333,0,0,24190036
8039447784666,8039464570000,8039426075352,8039432887732,25400076,16668333,0,0,23684102
8039481121332,8039497991000,8039460273220,8039468455588,25803653,16668333,0,0,23684102
8039514574999,8039531401000,8039494303020,8039501973882,24566696,16668333,0,0,23411856
8039547995999,8039564818000,8039529095062,8039536491921,24666428,16668333,0,0,23333129
8039664827998,8039681777000,8039639782697,8039648951008,25269994,16668333,0,0,23089748
8039698164664,8039715190000,8039673708834,8039683146276,25594762,16668333,0,0,23089748
8039731781999,8039748610000,8039707767706,8039715748629,25298791,16668333,0,0,23106968
8039765194999,8039782024000,8039742471673,8039750806656,24339892,16668333,0,0,23113489
8039798614999,8039815442000,8039776764633,8039785324298,26190483,16668333,0,0,23005229
8039815360666,8039832146000,8039785795533,8039796519610,23929353,16668333,0,0,22922854
8039848778666,8039848856000,8039815567685,8039823716594,24580906,16668333,0,0,22858379
8039865482666,8039882268000,8039845341564,8039852371633,24302039,16668333,0,0,22910171
8039898860999,8039915685000,8039879173941,8039886398831,24986008,16668333,0,0,22860186
8039932272999,8039949104000,8039913831397,8039919388291,23965461,16668333,0,0,22686348
8039965689999,8039982518000,8039948317564,8039960920566,21011416,16668333,0,0,22532198
8040015854666,8040015935000,8039983306858,8039987515337,25109629,16668333,0,0,22545531
8040049271666,8040049348000,8040017874159,8040025710798,23156027,16668333,0,0,22187672
8040082684666,8040082766000,8040052348692,8040058703166,23672707,16668333,0,0,22091392
8040116102666,8040116184000,8040086270310,8040094295012,21100388,16668333,0,0,21897667
8040232862331,8040233135000,8040204201974,8040214188573,18698905,16668333,0,0,21824349
8040266471666,8040266553000,8040237296132,8040245597422,20074990,16668333,0,0,22103642
8040299889666,8040299970000,8040271557211,8040280307801,19418016,16668333,0,0,22017988
8040333306666,8040333382000,8040306789724,8040316534176,17051363,16668333,0,0,21966943
8040366718666,8040366802000,8040336038628,8040343650746,22868270,16668333,0,0,21992147
8040383386999,8040383508000,8040349978704,8040355190284,24277708,16668333,0,0,21992147
8040400138666,8040400214000,8040366739889,8040369916304,24514080,16668333,0,0,21855065
8040416844666,8040416927000,8040383500103,8040388008027,23128223,16668333,0,0,21708620
8040433550666,8040450340000,8040410458326,8040421673560,23366173,16668333,0,0,21497928
8040466931999,8040483759000,8040445136227,8040452940787,23541237,16668333,0,0,21337560
8040500344999,8040517173000,8040479330256,8040491131939,21615950,16668333,0,0,21508603
8040533763999,8040550588000,8040513750554,8040521023531,22073327,16668333,0,0,21402907
8040567177999,8040584003000,8040547829078,8040555170022,22643393,16668333,0,0,21606436
8040600592999,8040617417000,8040582648738,8040591647228,23004655,16668333,0,0,21452113
8040650753666,8040650837000,8040617651416,8040624999309,22938716,16668333,0,0,21287544
8040684173666,8040684249000,8040652015615,8040660600563,23153068,16668333,0,0,21146619
8040800927331,8040801209000,8040770007685,8040780182646,20529579,16668333,0,0,21096449
8040834545666,8040834622000,8040803249812,8040808806696,21975430,16668333,0,0,21351102
8040867958666,8040868035000,8040837732488,8040844020132,22037513,16668333,0,0,21066838
8040901371666,8040901455000,8040872138735,8040880405418,20419088,16668333,0,0,20846110
8040934791666,8040934869000,8040906578136,8040912539659,22063485,16668333,0,0,20768095
8040968205666,8040968283000,8040940941476,8040947755215,20567098,16668333,0,0,20537012
8041001619666,8041001699000,8040971358837,8040976659312,21950813,16668333,0,0,20374100
8041018287999,8041018407000,8040984809732,8040992480532,20799450,16668333,0,0,20374100
8041035035666,8041035120000,8041001586148,8041005273893,21785089,16668333,0,0,20116732
8041051743666,8041051826000,8041018254365,8041023816628,20907943,16668333,0,0,20073766
8041068456666,8041068536000,8041044299231,8041050103315,18200356,16668333,0,0,19898047
8041101872666,8041118657000,8041078589393,8041086615939,20542254,16668333,0,0,19692328
8041135209332,8041152075000,8041113286469,8041120417753,20444399,16668333,0,0,19692328
8041168661999,8041185491000,8041147920738,8041156958515,21133587,16668333,0,0,19635476
8041202079999,8041218903000,8041182599800,8041190031325,20379715,16668333,0,0,19531591
8041235495999,8041252317000,8041217744156,8041226814404,21423111,16668333,0,0,19573421
8041268907999,8041285735000,8041252092289,8041260551443,22325179,16668333,0,0,19486583
8041319071666,8041319150000,8041286787872,8041294371199,-61734447,16668333,0,0,19511058
8041402491665,8041469523000,8041443358026,8041450398447,18079876,16668333,0,0,19427839
8041419159998,8041486235000,8041460596827,8041467596157,18750782,16668333,0,0,19427839
8041519571666,8041519644000,8041486389523,8041494854080,21444409,16668333,0,0,18845686
8041552980666,8041553060000,8041520688930,8041526576174,20826807,16668333,0,0,18851994
8041586396666,8041586477000,8041555089830,8041560856266,21502788,16668333,0,0,18672530
8041619813666,8041619898000,8041589677440,8041597284937,21223686,16668333,0,0,18493155
8041636481999,8041636602000,8041602754123,8041611940159,21348200,16668333,0,0,18493155
8041653234666,8041653310000,8041623318984,8041629053169,22738299,16668333,0,0,18447272
8041669938666,8041670019000,8041636705378,8041640962943,22045793,16668333,0,0,18485499
8041686646666,8041686724000,8041658662402,8041665360541,20664534,16668333,0,0,18396623
8041720060666,8041736848000,8041692636900,8041707423658,21921430,16668333,0,0,18209417
8041753397332,8041753557000,8041727138906,8041735007469,18790927,16668333,0,0,18209417
8041786893666,8041786971000,8041761399503,8041767969582,19407789,16668333,0,0,22985149
8041820307666,8041820391000,8041795853962,8041802060226,18035194,16668333,0,0,22803837
8041853727666,8041870511000,8041830961203,8041838202244,20185644,16668333,0,0,22605193
8041887064332,8041903931000,8041865661673,8041874099963,20715011,16668333,0,0,22605193
8041920515999,8041937345000,8041900544984,8041908041478,-63598118,16668333,0,0,22423315
8042020686665,8042087718000,8042061219661,8042069309270,17444118,16668333,0,0,22291966
8042037354998,8042104422000,8042077317199,8042084076188,19774384,16668333,0,0,22291966
8042121054666,8042137838000,8042103839285,8042108736231,21597347,16668333,0,0,22033875
8042171174666,8042171257000,8042138678294,8042142822899,22121350,16668333,0,0,21681587
8042187842999,8042187968000,8042153831721,8042158926074,21568486,16668333,0,0,21681587
8042204593666,8042204672000,8042172250998,8042179053846,20158973,16668333,0,0,21369425
8042221304666,8042221379000,8042188122275,8042195555170,21475319,16668333,0,0,21253110
8042238008666,8042238086000,8042206797949,8042213514346,20353831,16668333,0,0,21196616
8042271422666,8042271506000,8042241246502,8042248268973,20892126,16668333,0,0,21103801
8042304842666,8042304922000,8042275466961,8042281895899,21145960,16668333,0,0,21008370
8042338258666,8042338334000,8042309936097,8042317098971,20608070,16668333,0,0,20874951
8042371670666,8042371753000,8042344301821,8042351457135,19799281,16668333,0,0,20794825
8042405089666,8042405169000,8042378773944,8042385605797,19475736,16668333,0,0,20714875
8042438505666,8042438581000,8042412555965,8042418964354,18921091,16668333,0,0,20614026
8042471917666,8042488706000,8042447070301,8042455308696,19854856,16668333,0,0,20487026
8042505254332,8042522122000,8042482119742,8042489093123,-68126047,16668333,0,0,20487026
8042622131998,8042705907000,8042669017917,8042678056388,19401658,16668333,0,0,20412004
8042705907000,8042739325000,8042706144054,8042714256049,20847397,16668333,0,0,20783777
8042755911999,8042772744000,8042728624042,8042737086133,20815731,16668333,0,0,20783777
8042789329999,8042789449000,8042756359234,8042759978323,19503174,16668333,0,0,20728931
8042806080666,8042806158000,8042772792740,8042781327440,19676770,16668333,0,0,20700639
8042822785666,8042822869000,8042789419371,8042793648447,19226574,16668333,0,0,20520561
8042839494666,8042839574000,8042807287059,8042813630950,18604622,16668333,0,0,20513721
8042872910666,8042872992000,8042840824725,8042847172472,19207148,16668333,0,0,20277432
8042906328666,8042906403000,8042875390860,8042884205671,17858420,16668333,0,0,20119428
8042939739666,8042939820000,8042910035345,8042917539306,19375167,16668333,0,0,20146399
8042973156666,8042973237000,8042945156082,8042953906520,18384689,16668333,0,0,20066692
8043006573666,8043006654000,8042979622810,8042986783253,19019350,16668333,0,0,20083666
8043039990666,8043040066000,8043013894733,8043022185233,17528904,16668333,0,0,19977449
8043073402666,8043073487000,8043048063175,8043053779184,19849814,16668333,0,0,19956419
8043173496998,8043173735000,8043143268887,8043149952055,19904093,16668333,0,0,19754145
8043190165331,8043190437000,8043156891561,8043165631173,19019246,16668333,0,0,19754145
8043207071666,8043223856000,8043185891748,8043198591763,21221483,16668333,0,0,19369359
8043240441999,8043257273000,8043219825450,8043226065726,19197873,16668333,0,0,19387993
8043273860999,8043290685000,8043254351651,8043261744999,20761689,16668333,0,0,19730773
8043307277999,8043324102000,8043289140798,8043299038605,20021861,16668333,0,0,19559938
8043340689999,8043357520000,8043323171183,8043327309246,19457982,16668333,0,0,19473528
8043390856666,8043390934000,8043358296725,8043364274243,19780359,16668333,0,0,19268992
8043424270666,8043424351000,8043392979806,8043398025996,21383516,16668333,0,0,19096838
8043457687666,8043457764000,8043427335713,8043435092181,20246700,16668333,0,0,18869941
8043491100666,8043491182000,8043462249583,8043469707411,19509941,16668333,0,0,18840355
8043524518666,8043524597000,8043496422088,8043505300496,18738873,16668333,0,0,18785482
8043557933666,8043574724000,8043530987679,8043538505054,18871445,16668333,0,0,18841112
8043591270332,8043591428000,8043565139596,8043573835592,16948710,16668333,0,0,18841112
8043624764666,8043624846000,8043599556589,8043606495899,17865739,16668333,0,0,18770640
8043724855998,8043725093000,8043698401723,8043703858812,20170395,16668333,0,0,18670493
8043758429666,8043758507000,8043731496816,8043737852300,18998761,16668333,0,0,18081435
8043791843666,8043791924000,8043766632057,8043773660215,18302021,16668333,0,0,17973023
8043825260666,8043842051000,8043801235780,8043808485766,18539755,16668333,0,0,17913222
8043858597332,8043875465000,8043835802082,8043844572455,19095584,16668333,0,0,17913222
8043892055999,8043908881000,8043870654802,8043877624559,18932639,16668333,0,0,17849847
8043925469999,8043942296000,8043905194318,8043913776359,18808756,16668333,0,0,17924775
8043942217666,8043959003000,8043922525509,8043934574292,18927752,16668333,0,0,17852548
8043975632666,8043975711000,8043942245755,8043950520171,18989763,16668333,0,0,17905278
8043992339666,8043992421000,8043958968672,8043962032561,19831747,16668333,0,0,18063153
8044009047666,8044009126000,8043975592953,8043979349841,18557561,16668333,0,0,18067631
8044025757666,8044042542000,8044008396805,8044013682214,19277837,16668333,0,0,17892182
8044059130999,8044075963000,8044042356040,8044048996597,19073150,16668333,0,0,17744893
8044109299666,8044109394000,8044076897392,8044081876610,18205567,16668333,0,0,17475275
8044142730666,8044142795000,8044110800413,8044119211867,18618573,16668333,0,0,17281097
8044176131666,8044176208000,8044144960722,8044151938141,18317044,16668333,0,0,17342876
8044209468332,8044276456000,8044179328563,8044187451382,19172937,16668333,0,0,17342876
8044276217998,8044293162000,8044254916648,8044268801778,19481446,16668333,0,0,17285110
8044309792666,8044309874000,8044282169603,8044287580942,19140664,16668333,0,0,17380674
8044343210666,8044343285000,8044316786746,8044325717866,17753534,16668333,0,0,20681099
8044376621666,8044393408000,8044351366446,8044360311947,18555906,16668333,0,0,20729173
8044409958332,8044426829000,8044385047422,8044393854346,18566287,16668333,0,0,20729173
8044443412999,8044443534000,8044419363331,8044426289959,16743237,16668333,0,0,20791194
8044476870666,8044476953000,8044453571029,8044459003627,18226687,16668333,0,0,20748462
8044510289666,8044527076000,8044487910919,8044499641477,18610183,16668333,0,0,20526075
8044543626332,8044560488000,8044522565112,8044529184379,19183710,16668333,0,0,20526075
8044560412666,8044577196000,8044537099452,8044549794863,19117760,16668333,0,0,20909816
8044593824666,8044593908000,8044560302201,8044565399465,18271858,16668333,0,0,20749183
8044610532666,8044627323000,8044591175450,8044597558729,17585152,16668333,0,0,20902015
8044643912999,8044660740000,8044625954948,8044632545668,17788713,16668333,0,0,20768572
8044677327999,8044694152000,8044660236751,8044668938824,18065005,16668333,0,0,20594421
8044727488666,8044727571000,8044694486836,8044701718172,17867462,16668333,0,0,20446099
8044760907666,8044760982000,8044728734396,8044737029233,17069571,16668333,0,0,20337744
8044794318666,8044794401000,8044763271129,8044770858929,13144358,16668333,0,0,20309355
8044827655332,8044894651000,8044797430619,8044805820924,18848817,16668333,0,0,20309355
8044894410998,8044911356000,8044872673369,8044888265324,18834163,16668333,0,0,20225722
8044927987666,8044928065000,8044899798299,8044905315428,21641525,16668333,0,0,20160017
8044961401666,8044961482000,8044934194244,8044940091704,21424084,16668333,0,0,23405305
8044994818666,8045011604000,8044968264993,8044975667003,20560666,16668333,0,0,23174527
8045028155332,8045028310000,8045003150789,8045008768031,19836846,16668333,0,0,23174527
8045061646666,8045078438000,8045038345313,8045048323509,19179084,16668333,0,0,22876967
8045094983332,8045111854000,8045073463207,8045084313023,20002417,16668333,0,0,22876967
8045111774666,8045128559000,8045087892151,8045100991282,20254809,16668333,0,0,23005856
8045145190666,8045145270000,8045111837661,8045117020796,18891803,16668333,0,0,23143202
8045161895666,8045178687000,8045142635592,8045149868592,19629766,16668333,0,0,23292304
8045195274999,8045212097000,8045177251747,8045183560801,20304316,16668333,0,0,23144217
8045228765333,8045245518000,8045212168802,8045219807261,20237873,16668333,0,0,22784023
8045278854666,8045278931000,8045246899204,8045252859967,18298411,16668333,0,0,22673278
8045312267666,8045312348000,8045281366956,8045289828675,19597797,16668333,0,0,22452826
8045345684666,8045345764000,8045315866951,8045322892503,18918666,16668333,0,0,22415481
8045379100666,8045379182000,8045349950457,8045358944937,19595670,16668333,0,0,22273826
8045412518666,8045412594000,8045384613206,8045391733597,-70720186,16668333,0,0,22280726
8045512603998,8045596380000,8045559984051,8045570614963,19683340,16668333,0,0,22145342
8045596380000,8045629797000,8045596449319,8045601368502,21922534,16668333,0,0,22881398
8045646384999,8045646506000,8045619683757,8045625993393,20768667,16668333,0,0,22881398
8045663133666,8045663214000,8045629735277,8045636784353,22268840,16668333,0,0,22537367
8045679842666,8045679921000,8045646362139,8045650785577,21223784,16668333,0,0,22420925
8045696550666,8045696630000,8045664358001,8045671208858,21164995,16668333,0,0,22331904
8045729966666,8045730042000,8045698919048,8045707072725,21667975,16668333,0,0,22067756
8045763378666,8045763460000,8045733118333,8045740409552,21778789,16668333,0,0,21980074
8045796796666,8045796877000,8045767474173,8045773792316,22107858,16668333,0,0,21835903
8045830213666,8045830296000,8045802268405,8045808961733,20679738,16668333,0,0,21631674
8045863632666,8045863710000,8045836710269,8045845705620,17118126,16668333,0,0,21461519
8045897046666,8045897127000,8045872152725,8045879697457,16447182,16668333,0,0,21462877
8045930463666,8045947247000,8045906451986,8045915107932,21217818,16668333,0,0,21352383
8045963800332,8045980662000,8045941305718,8045949035139,19951869,16668333,0,0,21352383
8045997251999,8046014083000,8045975868227,8045984102339,21567699,16668333,0,0,21312453
8046114092998,8046114324000,8046089628999,8046097297718,16409199,16668333,0,0,21152275
8046147660666,8046164453000,8046123553319,8046132943823,21568877,16668333,0,0,20849059
8046180997332,8046197866000,8046158062644,8046166811435,21185394,16668333,0,0,20849059
8046214457999,8046231282000,8046191867189,8046197827559,20703677,16668333,0,0,20903501
8046247870999,8046264700000,8046226766638,8046234361136,20543025,16668333,0,0,20879419
8046298036666,8046298112000,8046264413160,8046273326064,21564057,16668333,0,0,20560002
8046314704999,8046314821000,8046286476976,8046290846782,20909186,16668333,0,0,20560002
8046331448666,8046331533000,8046298015313,8046302266641,20795501,16668333,0,0,20560631
8046348157666,8046364946000,8046329942540,8046335448853,20296829,16668333,0,0,20402232
8046381537999,8046398365000,8046363927988,8046371183229,20012284,16668333,0,0,20244073
8046415033333,8046431781000,8046398334404,8046407653023,20085822,16668333,0,0,19923847
8046465117666,8046465191000,8046432878379,8046439418134,20341185,16668333,0,0,19986359
8046498527666,8046498611000,8046467013503,8046474467387,21132139,16668333,0,0,19837255
8046531947666,8046532027000,8046501579189,8046508650079,20740943,16668333,0,0,19754997
8046565363666,8046565439000,8046536031979,8046543848075,20224118,16668333,0,0,19648499
8046598700332,8046665691000,8046570715192,8046577808653,18926484,16668333,0,0,19648499
8046665448998,8046682397000,8046645203018,8046661008165,20245748,16668333,0,0,19597018
8046699027666,8046699108000,8046673671708,8046680674762,17217956,16668333,0,0,19289422
8046732444666,8046732519000,8046708220571,8046715152976,17101563,16668333,0,0,24291566
8046765855666,8046782643000,8046742738132,8046749816790,25609577,16668333,0,0,24143424
8046799192332,8046816060000,8046777334400,8046786336966,25817540,16668333,0,0,24143424
8046832647999,8046849475000,8046811442588,8046819219173,25455376,16668333,0,0,23942235
8046866064999,8046882894000,8046846135290,8046853245823,26098193,16668333,0,0,23956763
8046899479999,8046916310000,8046879981169,8046885050844,25218921,16668333,0,0,23869091
8046932898999,8046949724000,8046914377777,8046923145129,25862211,16668333,0,0,23736865
8046966314999,8046983140000,8046949073064,8046955291346,26045712,16668333,0,0,23471591
8047016476666,8047016555000,8046983328710,8046990968386,24452020,16668333,0,0,23298142
8047049891666,8047049971000,8047017549746,8047024979592,24670588,16668333,0,0,23219841
8047083307666,8047083390000,8047051976913,8047060541964,22336228,16668333,0,0,23126077
8047116726666,8047116806000,8047086615197,8047093926827,22160429,16668333,0,0,23120748
8047216815998,8047233758000,8047195680064,8047202847058,25606290,16668333,0,0,23015740
8047250152664,8047267173000,8047229416760,8047238846907,24875828,16668333,0,0,23015740
8047283762999,8047300590000,8047263427898,8047268806006,24367082,16668333,0,0,22620407
8047317177999,8047334007000,8047297517363,8047304349204,23698500,16668333,0,0,22688446
8047350594999,8047367421000,8047332506811,8047345758861,21224438,16668333,0,0,22455524
8047384089333,8047400835000,8047367285939,8047373941607,24207370,16668333,0,0,22702165
8047434171666,8047434254000,8047401820372,8047409133953,24179145,16668333,0,0,22542356
8047450839999,8047450964000,8047422137843,8047428093662,23019116,16668333,0,0,22542356
8047467590666,8047467667000,8047436253310,8047443644512,23593972,16668333,0,0,22432093
8047484300666,8047484376000,8047450907862,8047454279622,23285832,16668333,0,0,22332741
8047501003666,8047501085000,8047467781118,8047473303054,23758359,16668333,0,0,22283445
8047534421666,8047534504000,8047502255770,8047509681524,23013782,16668333,0,0,21993690
8047567840666,8047567919000,8047536879260,8047545824003,21081475,16668333,0,0,21912530
8047601255666,8047601336000,8047571390317,8047578866848,21596821,16668333,0,0,21950264
8047634672666,8047651455000,8047606627330,8047621152156,23574298,16668333,0,0,21866528
8047668009332,8047684872000,8047641101042,8047653698242,23096783,16668333,0,0,21866528
8047701459999,8047785123000,8047675220118,8047683612084,33623868,16668333,0,0,22565417
8047818459666,8047818535000,8047785167751,8047793659541,24051547,16668333,0,0,22562057
8047835127999,8047851949000,8047812742770,8047824856176,24825317,16668333,0,0,22562057
8047868539999,8047885365000,8047847328528,8047858826256,23819758,16668333,0,0,22483646
8047901953999,8047918784000,8047881643620,8047886620840,24510763,16668333,0,0,22688024
8047935369999,8047952198000,8047916419727,8047921460402,24171529,16668333,0,0,22825753
8047968788999,8047985619000,8047951156617,8047959496399,23773029,16668333,0,0,22484816
8048002202999,8048019029000,8047984977349,8047990918459,22584637,16668333,0,0,22166209
8048052365666,8048052450000,8048019866339,8048025735353,23620082,16668333,0,0,21843562
8048085786666,8048085860000,8048054230428,8048058868063,22331592,16668333,0,0,21609041
8048102454999,8048102571000,8048068612235,8048075016817,23936826,16668333,0,0,21609041
8048119196666,8048119281000,8048088610575,8048094770451,23208236,16668333,0,0,21303347
8048152617666,8048152695000,8048122072743,8048127907394,23751692,16668333,0,0,21125025
8048186031666,8048186107000,8048156591159,8048162929058,23667978,16668333,0,0,20922440
8048219443666,8048236231000,8048191055966,8048199014110,21860493,16668333,0,0,20762470
8048252780332,8048336485000,8048229896325,8048236301199,16190910,16668333,0,0,20762470
8048369821666,8048369898000,8048336492793,8048340395762,25856048,16668333,0,0,20246347
8048386489999,8048403316000,8048367349685,8048375825400,25483355,16668333,0,0,20246347
8048419902999,8048436729000,8048402060440,8048409763511,25569662,16668333,0,0,19944533
8048453320999,8048470142000,8048436233186,8048444271927,26068431,16668333,0,0,19979234
8048486810333,8048503560000,8048470120581,8048476402464,25680609,16668333,0,0,19938529
8048536896666,8048536974000,8048504525640,8048509206800,25129612,16668333,0,0,19800580
8048570310666,8048570395000,8048539080176,8048545997812,24119948,16668333,0,0,19560580
8048603731666,8048620516000,8048573607038,8048588237202,23968708,16668333,0,0,19481771
8048637068332,8048637225000,8048608842753,8048615575271,20762294,16668333,0,0,19481771
8048670561666,8048670643000,8048643563320,8048650718396,19150334,16668333,0,0,22897178
8048703979666,8048704056000,8048677122365,8048683397095,20930951,16668333,0,0,22771838
8048737392666,8048737470000,8048704059390,8048711959572,24326083,16668333,0,0,22590901
8048754060999,8048754183000,8048721302134,8048726966111,24529797,16668333,0,0,22590901
8048787519666,8048787598000,8048755453345,8048761364280,24013212,16668333,0,0,22420722
8048820934666,8048821011000,8048789868447,8048798515343,21670129,16668333,0,0,22226336
8048854347666,8048854430000,8048824225029,8048831126601,22679536,16668333,0,0,22235814
8048887684332,8048954678000,8048858548213,8048867355226,21136830,16668333,0,0,22235814
8048954439998,8048971382000,8048934593979,8048950322800,20777937,16668333,0,0,22110680
8048988014666,8049004797000,8048960563762,8048973058166,29121457,16668333,0,0,22170856
8049021386999,8049021505000,8048994938251,8049001864903,18555460,16668333,0,0,23956285
8049054841666,8049054924000,8049029546035,8049037193103,17184351,16668333,0,0,24124257
8049088260666,8049105044000,8049064055305,8049072025794,29692346,16668333,0,0,23993428
8049121597332,8049138460000,8049098440418,8049105852297,29669738,16668333,0,0,23993428
8049155048999,8049171877000,8049131955311,8049139439450,29403000,16668333,0,0,23834644
8049188464999,8049205297000,8049166626418,8049173195097,28731865,16668333,0,0,23693998
8049221881999,8049238710000,8049200802826,8049206679794,27245461,16668333,0,0,23562248
8049255301999,8049272127000,8049235650709,8049242893125,28145990,16668333,0,0,23372803
8049272046666,8049288835000,8049243363843,8049253559193,27951608,16668333,0,0,23144561
8049305463666,8049305539000,8049272089656,8049277383530,27650461,16668333,0,0,23017564
8049322171666,8049338960000,8049304759122,8049311575827,26936684,16668333,0,0,23067567
8049372296666,8049372371000,8049339079957,8049347755247,23738500,16668333,0,0,22786818
8049405707666,8049405790000,8049373622868,8049380960262,23959842,16668333,0,0,22775035
8049439126666,8049439205000,8049407925896,8049416305072,22268826,16668333,0,0,22659836
8049472541666,8049472621000,8049441717027,8049447874090,23859822,16668333,0,0,22623515
8049505878332,8049572867000,8049476066002,8049482884828,23828970,16668333,0,0,22623515
8049572630998,8049589577000,8049550062572,8049566531933,23387053,16668333,0,0,22429795
8049606203666,8049622994000,8049577798987,8049585258202,29767139,16668333,0,0,22005015
8049639581999,8049639698000,8049612370182,8049619146516,20737756,16668333,0,0,25705327
8049673034666,8049673115000,8049646812402,8049653827213,19484291,16668333,0,0,25497060
8049706451666,8049706529000,8049681338479,8049688628617,17993504,16668333,0,0,25347763
8049739865666,8049756657000,8049715590776,8049724280319,28090866,16668333,0,0,25220808
8049773202332,8049790073000,8049750686956,8049756055587,27719360,16668333,0,0,25220808
8049806661999,8049823487000,8049785527049,8049791963439,28372598,16668333,0,0,25191021
8049840077999,8049840197000,8049812859888,8049821482098,18925072,16668333,0,0,24932152
8049856823666,8049856902000,8049823345060,8049830591956,26080214,16668333,0,0,24756019
8049873533666,8049873613000,8049840073973,8049842821933,27561482,16668333,0,0,24749890
8049890238666,8049890321000,8049856665902,8049861617524,26961246,16668333,0,0,24690767
8049906949666,8049923732000,8049888623002,8049892968416,27764516,16668333,0,0,24481771
8049940325999,8049957149000,8049923174410,8049930363653,26189102,16668333,0,0,24351973
8049990485666,8049990570000,8049957207567,8049962730418,26120852,16668333,0,0,23967883
8050023906666,8050023984000,8049990796518,8049999155276,23572269,16668333,0,0,23766324
8050057243332,8050140937000,8050025827137,8050032089490,25684147,16668333,0,0,23766324
8050140662331,8050157644000,8050114289728,8050127430058,25791897,16668333,0,0,23776876
8050174273666,8050174356000,8050140797068,8050146267336,25854107,16668333,0,0,23252283
8050190980666,8050191060000,8050161844522,8050167215197,23830532,16668333,0,0,23449404
8050224396666,8050224477000,8050196130434,8050202859509,21750037,16668333,0,0,23246555
8050257813666,8050257896000,8050230704877,8050236642868,20969064,16668333,0,0,23137178
8050291232666,8050291310000,8050264888166,8050272974527,18312063,16668333,0,0,22976691
8050324646666,8050324726000,8050298523827,8050305003066,18987957,16668333,0,0,22977972
8050358062666,8050358142000,8050333116814,8050339308771,18908007,16668333,0,0,22854120
8050374730999,8050391555000,8050357345038,8050364485343,26359197,16668333,0,0,22854120
8050408146999,8050408262000,8050378290973,8050383670112,24234988,16668333,0,0,22713895
8050424891666,8050424971000,8050391514391,8050399030485,24310767,16668333,0,0,22643524
8050441598666,8050441682000,8050415513280,8050422931177,17806985,16668333,0,0,22547965
8050475018666,8050491804000,8050450104474,8050458582440,24219209,16668333,0,0,22505916
8050508355332,8050525218000,8050484799370,8050494422682,23603195,16668333,0,0,22505916
8050541808999,8050558639000,8050518888822,8050526835938,23411826,16668333,0,0,22558318
8050575222999,8050592049000,8050553547272,8050561164545,23411608,16668333,0,0,22670925
8050625312332,8050709011000,8050592915756,8050601307068,24950490,16668333,0,0,22639873
8050708727331,8050725715000,8050678269838,8050685596573,25198030,16668333,0,0,22579886
8050742347666,8050742421000,8050708800186,8050714056998,25378495,16668333,0,0,22576759
8050759051666,8050759131000,8050728581574,8050734822200,24530492,16668333,0,0,22527017
8050792467666,8050792544000,8050763111138,8050771458156,21330877,16668333,0,0,22325500
8050825880666,8050825963000,8050797712058,8050804726659,20348566,16668333,0,0,22313433
8050859299666,8050859381000,8050831989898,8050840761613,18407026,16668333,0,0,22198532
8050892717666,8050909504000,8050866383023,8050877608715,22280532,16668333,0,0,22218235
8050926054332,8050926211000,8050900450785,8050906243169,19915885,16668333,0,0,22218235
8050942840666,8050959627000,8050923601054,8050929283468,24466894,16668333,0,0,22525151
8050976215999,8050976331000,8050944441371,8050950003089,22302757,16668333,0,0,22413328
8050992963666,8050993042000,8050959656998,8050964228811,22546164,16668333,0,0,22187300
8051009667666,8051009751000,8050979381681,8050986751681,22318927,16668333,0,0,22075349
8051043087666,8051043163000,8051013860626,8051019715844,22719631,16668333,0,0,21887256
8051076499666,8051076584000,8051048578241,8051057531661,18004917,16668333,0,0,21695599
8051109920666,8051110000000,8051082939870,8051090559193,18719571,16668333,0,0,21736032
8051143336666,8051143412000,8051117089790,8051124371045,19150038,16668333,0,0,21664768
8051210085332,8051260370000,8051190099405,8051198039900,16622945,16668333,0,0,21569770
8051276758664,8051277078000,8051244808138,8051258411171,18817234,16668333,0,0,21569770
8051293706666,8051293788000,8051260234036,8051273027956,21522810,16668333,0,0,21413627
8051310414666,8051327201000,8051293206967,8051300465008,24735738,16668333,0,0,21608851
8051360537666,8051360614000,8051327255022,8051336742286,23884177,16668333,0,0,21639978
8051393950666,8051394029000,8051361601735,8051368643590,25658986,16668333,0,0,21685168
8051427365666,8051427447000,8051396112507,8051403129829,23817030,16668333,0,0,21542935
8051460783666,8051460864000,8051430564443,8051436566698,23593174,16668333,0,0,21403897
8051494200666,8051510988000,8051464984126,8051478007257,24413687,16668333,0,0,21201682
8051527537332,8051527694000,8051498830337,8051504097455,23451241,16668333,0,0,21201682
8051561030666,8051561109000,8051532627612,8051539867993,20486580,16668333,0,0,21564522
8051577698999,8051577821000,8051543681576,8051551406718,24008344,16668333,0,0,21564522
8051594445666,8051594530000,8051563029383,8051568748673,23276833,16668333,0,0,21425937
8051611157666,8051611233000,8051577828958,8051583139899,23413893,16668333,0,0,21375180
8051644569666,8051644652000,8051612410507,8051621233779,22478078,16668333,0,0,21129932
8051677988666,8051678066000,8051647159342,8051654572084,22444351,16668333,0,0,21124547
8051711402666,8051728189000,8051682514905,8051697396811,23156919,16668333,0,0,21011644
8051744739332,8051828437000,8051720815848,8051727284002,16400497,16668333,0,0,21011644
8051861773666,8051861853000,8051828585442,8051833458200,24334586,16668333,0,0,21816445
8051878441999,8051895272000,8051857690665,8051866422066,23533755,16668333,0,0,21816445
8051911857999,8051928686000,8051892050348,8051899622230,22778094,16668333,0,0,21516870
8051945276999,8051962099000,8051926097603,8051936152520,23876466,16668333,0,0,21498720
8051978690999,8051995515000,8051960408791,8051967590156,23783198,16668333,0,0,21392023
8052012103999,8052028935000,8051994894332,8052000352630,23199822,16668333,0,0,21476514
8052062271666,8052062349000,8052029981564,8052035663693,23149504,16668333,0,0,21087918
8052095685666,8052095766000,8052064350221,8052072396959,23305645,16668333,0,0,20865558
8052129102666,8052129182000,8052098741414,8052102505551,23277574,16668333,0,0,20814745
8052162518666,8052179303000,8052133013127,8052139812803,22978915,16668333,0,0,20473673
8052195855332,8052196011000,8052164014573,8052171242469,23870269,16668333,0,0,20473673
8052212639666,8052212721000,8052179887850,8052187673354,21965464,16668333,0,0,20293903
8052229347666,8052229430000,8052195897554,8052201503837,23249046,16668333,0,0,20250976
8052246057666,8052246137000,8052214628853,8052220771769,22341934,16668333,0,0,20228974
8052279473666,8052279550000,8052248459433,8052254054741,21515864,16668333,0,0,20054911
8052312886666,8052329680000,8052282746221,8052291993485,21262418,16668333,0,0,19867323
8052346223332,8052346384000,8052317684776,8052324664009,20893491,16668333,0,0,19867323
8052379684999,8052429922000,8052352458692,8052358854283,20975559,16668333,0,0,19998099
8052429725665,8052446632000,8052409984240,8052424550669,22450738,16668333,0,0,19948084
8052463258666,8052480045000,8052429876762,8052437665426,26303558,16668333,0,0,19603435
8052479968666,8052496753000,8052454799056,8052464922374,25516367,16668333,0,0,22133816
8052513381666,8052530173000,8052489412125,8052497849754,26214277,16668333,0,0,22075662
8052546757999,8052563589000,8052523171061,8052529737140,26361745,16668333,0,0,22137035
8052580177999,8052597002000,8052557413187,8052565065093,26808549,16668333,0,0,22121677
8052613593999,8052630419000,8052592295989,8052601037725,26864444,16668333,0,0,21968504
8052647006999,8052663835000,8052626661825,8052636175447,26697739,16668333,0,0,21894012
8052680423999,8052697249000,8052661240063,8052665156729,26728121,16668333,0,0,21904554
8052713839999,8052730670000,8052695702002,8052700740804,26770485,16668333,0,0,21969621
8052747253999,8052764085000,8052729974303,8052737225142,25763239,16668333,0,0,21632080
8052780674999,8052780790000,8052754053271,8052763289125,17236438,16668333,0,0,21387197
8052814126666,8052814206000,8052780678685,8052786204452,25846354,16668333,0,0,21336284
8052847542666,8052847623000,8052814263459,8052819536795,25494320,16668333,0,0,21132415
8052880959666,8052881035000,8052848587302,8052857050802,23840629,16668333,0,0,20920545
8052914371666,8052931161000,8052883154434,8052888452537,27437017,16668333,0,0,20945893
8052981165999,8053048117000,8052952976961,8052960778046,20633349,16668333,0,0,20636477
8053047839331,8053081536000,8053028527192,8053045144899,34152373,16668333,0,0,20636477
8053081453666,8053098242000,8053055521787,8053061837910,33674884,16668333,0,0,20577216
8053114872666,8053131656000,8053089960123,8053095034719,33485454,16668333,0,0,26639422
8053148246999,8053165073000,8053125356472,8053131291534,34165880,16668333,0,0,26535802
8053181660999,8053198486000,8053160109673,8053167247339,31062368,16668333,0,0,26249303
8053215077999,8053231907000,8053194497122,8053200602559,31532061,16668333,0,0,26033042
8053248490999,8053265321000,8053229472439,8053239035214,25752544,16668333,0,0,25905268
8053281911999,8053298738000,8053263703194,8053271473870,27450960,16668333,0,0,25710686
8053315325999,8053332153000,8053297487129,8053301818987,29886773,16668333,0,0,25778117
8053365489666,8053365565000,8053332247074,8053340432121,24729158,16668333,0,0,25378793
8053382157999,8053382277000,8053350651667,8053357265949,24929276,16668333,0,0,25378793
8053398901666,8053398986000,8053366467706,8053374035913,25334746,16668333,0,0,25344572
8053415613666,8053432402000,8053382657563,8053386181462,33603189,16668333,0,0,25268575
8053432322666,8053449105000,8053400883151,8053405881086,32852769,16668333,0,0,25226604
8053465738666,8053482524000,8053435907862,8053443770028,32418637,16668333,0,0,24869945
8053499109999,8053515939000,8053470296530,8053483995409,31418567,16668333,0,0,24749780
8053532528999,8053616189000,8053507637565,8053515771699,20504035,16668333,0,0,24714906
8053615948998,8053632898000,8053596715726,8053608520181,24381949,16668333,0,0,25131354
8053649525666,8053666313000,8053616475980,8053621927877,32549040,16668333,0,0,24976314
8053666234666,8053683020000,8053644105512,8053649634361,33102524,16668333,0,0,25089693
8053699649666,8053716436000,8053678838982,8053685792043,29830869,16668333,0,0,24836604
8053733024999,8053749851000,8053713855408,8053718496919,31403195,16668333,0,0,24718142
8053766440999,8053783266000,8053748627080,8053756680039,26355645,16668333,0,0,24581369
8053799934333,8053816682000,8053783106371,8053791201914,25412974,16668333,0,0,24254846
8053833350333,8053850100000,8053816520167,8053825217107,25148757,16668333,0,0,24216348
8053883355332,8053900219000,8053851207791,8053863467661,33473480,16668333,0,0,24216348
8053916773332,8053916928000,8053885920543,8053891787614,24678931,16668333,0,0,24221514
8053950264666,8053950344000,8053919810380,8053928287669,22143754,16668333,0,0,24519343
8053966932999,8053983758000,8053937344575,8053944733051,34046194,16668333,0,0,24519343
8053983680666,8054000471000,8053961729444,8053966256113,33308287,16668333,0,0,24470289
8054017094666,8054017177000,8053983873764,8053990761202,25456033,16668333,0,0,24340273
8054033807666,8054033888000,8054000353136,8054007386973,25955988,16668333,0,0,24181111
8054050513666,8054067303000,8054033374560,8054042238482,24342170,16668333,0,0,24104811
8054133976332,8054184260000,8054107431371,8054115858973,22657499,16668333,0,0,24030621
8054183981331,8054200963000,8054162655665,8054173951800,27161796,16668333,0,0,24030621
8054217596666,8054217672000,8054184123282,8054189852372,27867662,16668333,0,0,23879079
8054234299666,8054251086000,8054209208770,8054217920322,32659180,16668333,0,0,23964559
8054267676999,8054284507000,8054243706411,8054252390159,31345418,16668333,0,0,23841838
8054301090999,8054317922000,8054278336929,8054285017274,33130929,16668333,0,0,23809163
8054334511999,8054351336000,8054311900033,8054321736073,30001961,16668333,0,0,23771047
8054367926999,8054384754000,8054346413070,8054352573308,32021622,16668333,0,0,23589558
8054401340999,8054418171000,8054380915058,8054386690768,31256427,16668333,0,0,23646247
8054434758999,8054451580000,8054415100660,8054420415133,30708114,16668333,0,0,23428906
8054468175999,8054485000000,8054449983017,8054459441436,25536821,16668333,0,0,23195099
8054501584999,8054518414000,8054483681888,8054489842539,27771255,16668333,0,0,22940884
8054535082333,8054551829000,8054518356659,8054523249801,28902307,16668333,0,0,22801658
8054568418999,8054585246000,8054536558281,8054540530929,33842123,16668333,0,0,22801658
8054585165666,8054601954000,8054560952427,8054567556333,34089343,16668333,0,0,22531117
8054618582666,8054635369000,8054585489012,8054590041784,34057390,16668333,0,0,22211962
8054635290666,8054652077000,8054602374615,8054606786151,34205199,16668333,0,0,22148414
8054668705666,8054752324000,8054639974480,8054646884024,27701658,16668333,0,0,21885943
8054752086998,8054769037000,8054725686411,8054736824363,32262701,16668333,0,0,21756211
8054785660666,8054785745000,8054752436887,8054756248722,29209614,16668333,0,0,21497083
8054802373666,8054802447000,8054769120650,8054776000557,26004176,16668333,0,0,21619600
8054835783666,8054852574000,8054803564722,8054816179721,33354706,16668333,0,0,21425457
8054869120332,8054869285000,8054838413918,8054844971565,23489190,16668333,0,0,21425457
8054902621666,8054902697000,8054872492336,8054878307512,23592482,16668333,0,0,21890152
8054936033666,8054936116000,8054907206390,8054915053390,20204673,16668333,0,0,21696485
8054969452666,8054969528000,8054941972676,8054949630495,20053639,16668333,0,0,21651579
8055002864666,8055002947000,8054976632853,8054980849567,21584152,16668333,0,0,21590031
8055036283666,8055036359000,8055010939193,8055017727019,18475731,16668333,0,0,21295369
8055069695666,8055086482000,8055045322740,8055056117872,30484055,16668333,0,0,21187447
8055103032332,8055119903000,8055080248635,8055084117471,32774410,16668333,0,0,21187447
8055136486999,8055153314000,8055114398011,8055119902840,32961653,16668333,0,0,21490931
8055169907999,8055186731000,8055148443300,8055152460515,32711410,16668333,0,0,21166517
8055186650666,8055286979000,8055167681116,8055180694255,99618060,16668333,0,0,20968446
8055220067666,8055303685000,8055188889082,8055195192212,28616806,16668333,0,0,20679429
8055320315666,8055337103000,8055286857189,8055294776814,31470769,16668333,0,0,21861452
8055337021666,8055353813000,8055303604182,8055307761913,30841720,16668333,0,0,21760318
8055370439666,8055370517000,8055337133354,8055345348977,24695032,16668333,0,0,21670482
8055387149666,8055387224000,8055362919795,8055369966161,16908056,16668333,0,0,21500515
8055420560666,8055437354000,8055397673101,8055406108978,30454428,16668333,0,0,21402948
8055453897332,8055470768000,8055432188755,8055439198621,30739764,16668333,0,0,21402948
8055487358999,8055504180000,8055467345509,8055476349832,26982389,16668333,0,0,21346525
8055520772999,8055537597000,8055502396186,8055509808064,26909696,16668333,0,0,21205674
8055554184999,8055571015000,8055536809985,8055544813414,26023666,16668333,0,0,21214832
8055587683333,8055604432000,8055571075688,8055578681463,25494128,16668333,0,0,21030727
8055637768666,8055637848000,8055605423433,8055612459300,24892181,16668333,0,0,20933481
8055671184666,8055671260000,8055639713445,8055648385798,22918082,16668333,0,0,20800194
8055704596666,8055721389000,8055674097212,8055685697772,30818738,16668333,0,0,20789501
8055737933332,8055738091000,8055708652815,8055714968566,23400913,16668333,0,0,20789501
8055771427666,8055771512000,8055743125867,8055749867239,21577957,16668333,0,0,21008208
8055788095999,8055788218000,8055754982725,8055760472958,27552802,16668333,0,0,21008208
8055804848666,8055888465000,8055771492260,8055777035729,97083769,16668333,0,0,20836907
8055821554666,8055905173000,8055788328691,8055798165955,27710315,16668333,0,0,20713022
8055921801666,8055938587000,8055888288425,8055900046382,29631097,16668333,0,0,19998642
8055938509666,8055955298000,8055905073577,8055909801367,29359209,16668333,0,0,20053198
8055971923666,8055972002000,8055938670670,8055945272868,26173689,16668333,0,0,20306210
8055988634666,8056005419000,8055960212039,8055968768022,28660561,16668333,0,0,20165596
8056022006999,8056022130000,8055994954560,8056003273037,18157275,16668333,0,0,20091300
8056055466666,8056055548000,8056029042656,8056035020423,20639931,16668333,0,0,20070703
8056088884666,8056088964000,8056062826235,8056071443219,16644756,16668333,0,0,19878982
8056122300666,8056139082000,8056097061352,8056105680762,29352173,16668333,0,0,19882479
8056155637332,8056172498000,8056131893818,8056139031353,29508008,16668333,0,0,19882479
8056189086999,8056205916000,8056166155654,8056173943980,28696344,16668333,0,0,19881342
8056222502999,8056239330000,8056201286914,8056210536131,28912684,16668333,0,0,19766764
8056255920999,8056272746000,8056235608189,8056245459377,27586046,16668333,0,0,19699227
8056289334999,8056306166000,8056270336747,8056274823819,29514738,16668333,0,0,19745890
8056322750999,8056339577000,8056304883110,8056310820072,28069136,16668333,0,0,19832225
8056356245333,8056372993000,8056339463630,8056345244360,28012430,16668333,0,0,19340502
8056389581999,8056389702000,8056356318240,8056361525016,28470484,16668333,0,0,19340502
8056423038666,8056489951000,8056389594916,8056394879122,94006459,16668333,0,0,19039044
8056456375332,8056506661000,8056424077011,8056431152124,28201040,16668333,0,0,19039044
8056523287666,8056523365000,8056489800790,8056494781003,27707407,16668333,0,0,18408704
8056539997666,8056540074000,8056506436598,8056512222032,27672035,16668333,0,0,18378900
8056556701666,8056556780000,8056525659450,8056533146283,22800462,16668333,0,0,18278883
8056590116666,8056590196000,8056560226213,8056568920760,20297921,16668333,0,0,18198768
8056623532666,8056623616000,8056594549695,8056602099501,20996819,16668333,0,0,18272910
8056656952666,8056657032000,8056628874862,8056637375533,18633561,16668333,0,0,18248887
8056690368666,8056690449000,8056663481047,8056671078903,18486536,16668333,0,0,18296756
8056723785666,8056723865000,8056698401197,8056705783704,18274831,16668333,0,0,18267136
8056757201666,8056773988000,8056732932345,8056742228258,26627041,16668333,0,0,18218888
8056790538332,8056790691000,8056766447950,8056771886889,17971167,16668333,0,0,18218888
8056824027666,8056824107000,8056800833598,8056807256713,16882760,16668333,0,0,18272468
8056857443666,8056874231000,8056835257541,8056841972627,26343905,16668333,0,0,18148815
8056890780332,8056907646000,8056870106218,8056878223232,25055140,16668333,0,0,18148815
8056924235999,8056941063000,8056904820586,8056913663988,27203702,16668333,0,0,17999418
8056957650999,8056974479000,8056939109544,8056946959472,25715280,16668333,0,0,18007686
8056991067999,8056991189000,8056957994896,8056963557600,26446667,16668333,0,0,18068317
8057007815666,8057007895000,8056977788919,8056983025029,24693592,16668333,0,0,18043684
8057024525666,8057091435000,8056991231279,8056997741787,86660476,16668333,0,0,17951600
8057107904998,8057108144000,8057076314949,8057085311477,23009681,16668333,0,0,17850798
8057124771666,8057124849000,8057092360113,8057098322535,25721938,16668333,0,0,17571979
8057158185666,8057158268000,8057127108124,8057133257949,24239721,16668333,0,0,17543052
8057191604666,8057191681000,8057161634251,8057170310340,20806493,16668333,0,0,17416053
8057225017666,8057225098000,8057195887701,8057202559272,21880560,16668333,0,0,17480209
8057258434666,8057258515000,8057230524554,8057239069345,18951440,16668333,0,0,17386305
8057291851666,8057291932000,8057264806235,8057272019464,20080355,16668333,0,0,17435517
8057325268666,8057325344000,8057299083572,8057307254116,17551090,16668333,0,0,17374747
8057358680666,8057375474000,8057333298734,8057347661710,25728258,16668333,0,0,17388563
8057392017332,8057408885000,8057367844388,8057375824710,25126327,16668333,0,0,17388563
8057425478999,8057442303000,8057401951359,8057410097192,25989808,16668333,0,0,22099169
8057458889999,8057475719000,8057436402953,8057444595827,25362936,16668333,0,0,22017097
8057492307999,8057509135000,8057471571913,8057486758375,22591331,16668333,0,0,21948014
8057525723999,8057542549000,8057505697683,8057511926141,24497517,16668333,0,0,21882442
8057592553999,8057642796000,8057569221543,8057579106537,19676184,16668333,0,0,22566048
8057642558998,8057659506000,8057624155177,8057636225595,23579799,16668333,0,0,22566048
8057676132666,8057692921000,8057644750632,8057650035766,26722648,16668333,0,0,22682385
8057709510999,8057709627000,8057678391134,8057685422762,23867526,16668333,0,0,22775693
8057742963666,8057759756000,8057712922343,8057727215868,26112231,16668333,0,0,22373898
8057776300332,8057776459000,8057747918187,8057755052585,20636546,16668333,0,0,22373898
8057809795666,8057826584000,8057782967532,8057796744890,25985630,16668333,0,0,22831354
8057843132332,8057859998000,8057817808074,8057828425907,25824536,16668333,0,0,22831354
8057876588999,8057893414000,8057852355829,8057860840606,26468370,16668333,0,0,23272355
8057910002999,8057926836000,8057887133965,8057896676086,26749696,16668333,0,0,23283015
8057943418999,8057960245000,8057922269165,8057930708643,25690181,16668333,0,0,23133990
8057976840999,8057993665000,8057956752439,8057966971064,26454981,16668333,0,0,23061372
8058010249999,8058027080000,8057991458564,8057996747217,26238840,16668333,0,0,22914860
8058043669999,8058060494000,8058024999219,8058029313201,24955282,16668333,0,0,22901157
8058077084999,8058093912000,8058059745318,8058067261927,26397520,16668333,0,0,22546067
8058160585332,8058194158000,8058130547148,8058139269870,25384783,16668333,0,0,21980201
8058193921998,8058227575000,8058167869411,8058206148823,34078571,16668333,0,0,21980201
8058227494666,8058244280000,8058199402159,8058208341691,34210590,16668333,0,0,21747100
8058260911666,8058260993000,8058227420745,8058231165811,29944334,16668333,0,0,69757664
8058277616666,8058294410000,8058244931364,8058250571368,33117155,16668333,0,0,69533037
8058294329666,8058311113000,8058269456849,8058276256196,33357994,16668333,0,0,69137145
8058327746666,8058361241000,8058302852600,8058311359966,33015576,16668333,0,0,68488638
8058361117999,8058394652000,8058337355602,8058344200870,32801244,16668333,0,0,68214875
8058394577666,8058411360000,8058371120902,8058380354880,30281419,16668333,0,0,67577031
8058427988666,8058444778000,8058405270637,8058412414679,31608127,16668333,0,0,67053675
8058461364999,8058494900000,8058439317167,8058453107885,32921490,16668333,0,0,66879425
8058494782999,8058511609000,8058473255924,8058479655798,31465900,16668333,0,0,66393076
8058528236666,8058545026000,8058507492751,8058516516500,27320412,16668333,0,0,66421328
8058561613999,8058595149000,8058541858975,8058553812465,33293408,16668333,0,0,66146471
8058595030999,8058611855000,8058577066854,8058584677033,27006318,16668333,0,0,65780866
8058628485666,8058645273000,8058611214279,8058619058142,25643463,16668333,0,0,65570862
8058678528332,8058745522000,8058645863074,8058653304033,26979251,16668333,0,0,65337268
8058745282998,8058778939000,8058719575012,8058741027073,37995747,16668333,0,0,64891744
8058778858666,8058812355000,8058748614919,8058764295342,33898774,16668333,0,0,63507025
8058812275666,8058829059000,8058779479576,8058790948924,33286919,16668333,0,0,64153451
8058845691666,8058845767000,8058812469678,8058818176941,27079528,16668333,0,0,64287383
8058862395666,8058862477000,8058829158428,8058834701950,28729814,16668333,0,0,64176336
8058879103666,8058895889000,8058855493018,8058863887221,31253148,16668333,0,0,63866469
8058912481999,8058929310000,8058889773160,8058898747016,30062974,16668333,0,0,63556870
8058945893999,8058962721000,8058923565533,8058930902887,31219690,16668333,0,0,63139871
8058979314999,8058996138000,8058957727546,8058963901590,31886260,16668333,0,0,62771168
8059012725999,8059029558000,8058991493129,8059000466910,28192196,16668333,0,0,62299750
8059046142999,8059062973000,8059025638879,8059033328630,29685918,16668333,0,0,61764000
8059079562999,8059096388000,8059060568407,8059069496363,25948995,16668333,0,0,61433237
8059112977999,8059129802000,8059095683566,8059102996693,26153510,16668333,0,0,61021009
8059163138666,8059163216000,8059129733387,8059135800324,27145792,16668333,0,0,60277580
8059196552666,8059196633000,8059164159881,8059174239051,21721849,16668333,0,0,59781321
8059329979664,8059330297000,8059301301107,8059310021614,19366243,16668333,0,0,59580638
8059363633666,8059363715000,8059332431318,8059341523191,21952377,16668333,0,0,58355120
8059380301999,8059397128000,8059361414327,8059374784147,22562248,16668333,0,0,58355120
8059397051666,8059413840000,8059367602814,8059377160172,33653240,16668333,0,0,58087606
8059430464666,8059430545000,8059397136212,8059402025731,28020972,16668333,0,0,58154688
8059447176666,8059447255000,8059414197788,8059421431034,25083473,16668333,0,0,58028821
8059463881666,8059463961000,8059435760017,8059444068871,19907490,16668333,0,0,57745677
8059497297666,8059497376000,8059470249302,8059477657457,18679898,16668333,0,0,57384998
8059530712666,8059530793000,8059504540729,8059513124720,16685664,16668333,0,0,57005108
8059564129666,8059564212000,8059539153855,8059546519707,16631706,16668333,0,0,56712684
8059597548666,8059614332000,8059573705826,8059582553724,30928202,16668333,0,0,56341973
8059630885332,8059647747000,8059608643378,8059615322968,31930122,16668333,0,0,56341973
8059664336999,8059681162000,8059643156444,8059649923792,30516514,16668333,0,0,55947635
8059697751999,8059714581000,8059676829823,8059682819204,30853440,16668333,0,0,55541638
8059731166999,8059798122000,8059711945615,8059719301127,18056291,16668333,0,0,55152562
8059797922665,8059814828000,8059781116156,8059794878098,20018691,16668333,0,0,54721458
8059831458666,8059848246000,8059814542285,8059823239445,-50280211,16668333,0,0,53904320
8059931587665,8059948494000,8059914817661,8059922564487,26003225,16668333,0,0,53762769
8059964924331,8059981909000,8059947853340,8059956379632,25044058,16668333,0,0,53762769
8059998498999,8060015321000,8059968043408,8059977658497,34007391,16668333,0,0,52870546
8060031913999,8060048737000,8060002418498,8060012973939,33921833,16668333,0,0,52641158
8060065325999,8060065445000,8060037098321,8060042695371,22885286,16668333,0,0,52496777
8060098781666,8060098860000,8060072041434,8060078894352,18771897,16668333,0,0,52199835
8060132196666,8060132276000,8060107166203,8060112727407,18771726,16668333,0,0,51850403
8060165612666,8060182399000,8060141708039,8060150600116,31020778,16668333,0,0,51423054
8060198949332,8060215819000,8060176595604,8060184202899,31187956,16668333,0,0,51423054
8060232403999,8060265944000,8060211763711,8060225692367,33894520,16668333,0,0,51149018
8060265823999,8060282652000,8060246300175,8060251647892,31163033,16668333,0,0,50869021
8060299280666,8060316063000,8060280041173,8060287879903,28552345,16668333,0,0,51184965
8060332656999,8060416316000,8060313684550,8060323223038,-34219814,16668333,0,0,50952971
8060482746330,8060483142000,8060451672769,8060461617125,21045567,16668333,0,0,50663771
8060499657665,8060516561000,8060482231755,8060486023408,29092748,16668333,0,0,50183285
8060516478666,8060533268000,8060486119127,8060493867514,32034917,16668333,0,0,49904020
8060549897666,8060549979000,8060520505656,8060527250927,22449799,16668333,0,0,49332137
8060583315666,8060583391000,8060555113052,8060560520448,22487781,16668333,0,0,49016694
8060616727666,8060616806000,8060589585086,8060596578255,19759003,16668333,0,0,48584336
8060650142666,8060666933000,8060624198588,8060633277166,30873243,16668333,0,0,48272989
8060683479332,8060700351000,8060659343375,8060666659711,30849550,16668333,0,0,48272989
8060716937999,8060733764000,8060694689689,8060703295204,29709240,16668333,0,0,48040147
8060750355999,8060767178000,8060728374963,8060735737157,30584347,16668333,0,0,47753381
8060783768999,8060800599000,8060762905195,8060771668352,28042906,16668333,0,0,47562600
8060817182999,8060834010000,8060797772682,8060805373225,28530678,16668333,0,0,47284059
8060850603999,8060867424000,8060832665528,8060839056116,29073389,16668333,0,0,47110639
8060884014999,8060900841000,8060866454784,8060873846750,27509151,16668333,0,0,46851893
8060917509333,8061001093000,8060900665679,8060907182173,94664424,16668333,0,0,46256832
8060967514332,8061017796000,8060935301800,8060942032128,28713891,16668333,0,0,46256832
8061034429666,8061034506000,8061000927973,8061009492579,25329889,16668333,0,0,45315566
8061051132666,8061067922000,8061017752510,8061023864830,29147380,16668333,0,0,45177768
8061067842666,8061084628000,8061037442581,8061053497406,28949606,16668333,0,0,45107487
8061101258666,8061101336000,8061067899848,8061072371497,29255534,16668333,0,0,44791903
8061117964666,8061134751000,8061084388855,8061088253077,31214268,16668333,0,0,45017514
8061134672666,8061151465000,8061101113046,8061104767454,31209081,16668333,0,0,44799794
8061168087666,8061168170000,8061135578992,8061139515480,28672056,16668333,0,0,44331991
8061201506666,8061201588000,8061169040309,8061173316100,28517773,16668333,0,0,43882766
8061234924666,8061235005000,8061203544816,8061211744758,22533146,16668333,0,0,43478542
8061268341666,8061268416000,8061238245633,8061245166019,22336977,16668333,0,0,43363676
8061301752666,8061301830000,8061272632212,8061279128490,22880270,16668333,0,0,43146800
8061335166666,8061351957000,8061307941672,8061313316324,30030439,16668333,0,0,42903701
8061368503332,8061368663000,8061342031665,8061347028725,21604654,16668333,0,0,42903701
8061401999666,8061402081000,8061375803093,8061383207121,17922654,16668333,0,0,42269426
8061435417666,8061452203000,8061410326918,8061420508575,28635723,16668333,0,0,42115057
8061468754332,8061485619000,8061444901060,8061452204790,28043627,16668333,0,0,42115057
8061502207999,8061519040000,8061479905711,8061488854425,28415809,16668333,0,0,42205673
8061602381665,8061619285000,8061581320081,8061588086215,28607383,16668333,0,0,41957831
8061635718331,8061652697000,8061614943004,8061623254435,28645593,16668333,0,0,41957831
8061669289999,8061686115000,8061649215129,8061654507635,29570031,16668333,0,0,41264143
8061702701999,8061719532000,8061683788313,8061691660638,27496405,16668333,0,0,41159214
8061736119999,8061752945000,8061718342706,8061726102698,26086743,16668333,0,0,40836544
8061769613333,8061786366000,8061752992217,8061761581580,24250468,16668333,0,0,40560422
8061819702666,8061819782000,8061787204768,8061797052961,22507520,16668333,0,0,40479435
8061853118666,8061853197000,8061821795605,8061830027888,23465603,16668333,0,0,40490575
8061869786999,8061869901000,8061835797320,8061840696724,29265867,16668333,0,0,40490575
8061886533666,8061886614000,8061853035478,8061857808890,29064442,16668333,0,0,40363518
8061903237666,8061903316000,8061869770622,8061874938720,28704582,16668333,0,0,40183480
8061919950666,8061936734000,8061889974805,8061897702577,27208286,16668333,0,0,40002352
8061953320999,8061953444000,8061924753725,8061931778586,21029226,16668333,0,0,39837788
8061986780666,8061986859000,8061959504924,8061967671974,18490634,16668333,0,0,39589447
8062020195666,8062020278000,8061993271596,8062000762139,19000388,16668333,0,0,39475762
8062053614666,8062053690000,8062027574175,8062034202688,18775016,16668333,0,0,39305847
8062120363332,8062170647000,8062096370760,8062106126927,27233170,16668333,0,0,39077576
8062170368331,8062187352000,8062139360804,8062146978379,28629532,16668333,0,0,39077576
8062203983666,8062204064000,8062170740506,8062178789436,24987059,16668333,0,0,39119841
8062220688666,8062237478000,8062199560245,8062206422454,28068091,16668333,0,0,39023469
8062254068999,8062270897000,8062234509820,8062242245870,27354805,16668333,0,0,38942912
8062287482999,8062304313000,8062269615829,8062276736638,27442192,16668333,0,0,38700907
8062320901999,8062337728000,8062304157399,8062312904391,24152765,16668333,0,0,38522852
8062371064666,8062371144000,8062338665642,8062346308928,25080760,16668333,0,0,38210869
8062404480666,8062421262000,8062373014638,8062386521501,25804923,16668333,0,0,38028618
8062437817332,8062437974000,8062407660027,8062413352547,23534151,16668333,0,0,38028618
8062471310666,8062471389000,8062442237363,8062451428488,19113551,16668333,0,0,38266609
8062504725666,8062504804000,8062476311981,8062484045315,20896919,16668333,0,0,38168818
8062538140666,8062538218000,8062510902558,8062520231796,17992271,16668333,0,0,37960653
8062571554666,8062571636000,8062545236788,8062552403040,18785807,16668333,0,0,37874105
8062604972666,8062621757000,8062579878399,8062588560321,25902155,16668333,0,0,37628124
8062721766998,8062722011000,8062692723138,8062699671773,22355255,16668333,0,0,37426946
8062755347666,8062772130000,8062726113600,8062739574235,25770741,16668333,0,0,36660975
8062788684332,8062788840000,8062760519500,8062766220415,22025277,16668333,0,0,36660975
8062822176666,8062822253000,8062795104260,8062803252855,18078237,16668333,0,0,36876752
8062855589666,8062872377000,8062829769575,8062841334403,24888118,16668333,0,0,36694691
8062888926332,8062889085000,8062864740509,8062871453102,17045781,16668333,0,0,36694691
8062922421666,8062939213000,8062899005387,8062907622782,26453131,16668333,0,0,36671657
8062972549666,8062972626000,8062939180227,8062945019041,25057080,16668333,0,0,36427464
8062989217999,8062989333000,8062955562443,8062960742400,24956335,16668333,0,0,36427464
8063005962666,8063006042000,8062972589033,8062978216991,24756858,16668333,0,0,36081031
8063022669666,8063039456000,8063001556997,8063009756513,24620286,16668333,0,0,35892642
8063056046999,8063072871000,8063036030379,8063042804070,25522050,16668333,0,0,35723146
8063089460999,8063106291000,8063070556026,8063079124710,25317231,16668333,0,0,35562687
8063122875999,8063139705000,8063105222234,8063112504401,25651373,16668333,0,0,35308309
8063156295999,8063173118000,8063139282449,8063147778329,24858220,16668333,0,0,35185609
8063206378332,8063273372000,8063173340793,8063182712916,23505122,16668333,0,0,34972121
8063273127998,8063323494000,8063248979922,8063278633132,34159468,16668333,0,0,34848477
8063306708666,8063340203000,8063276591987,8063299607405,33495818,16668333,0,0,34679763
8063356830666,8063356907000,8063323382522,8063333911809,22919372,16668333,0,0,53007976
8063373539666,8063390326000,8063344760354,8063348319178,33514588,16668333,0,0,53375584
8063406911999,8063423740000,8063380052748,8063389930873,33280710,16668333,0,0,53242784
8063440330999,8063440445000,8063414739882,8063420610809,19824325,16668333,0,0,52512848
8063473781666,8063490574000,8063449899452,8063458998756,31751848,16668333,0,0,51971188
8063507118332,8063523985000,8063480294202,8063487334025,33761514,16668333,0,0,51971188
8063523910666,8063540695000,8063491259382,8063504215610,33958434,16668333,0,0,51505371
8063557321666,8063557401000,8063523758476,8063527377748,30167923,16668333,0,0,51067072
8063574031666,8063590818000,8063556686231,8063561364679,29163804,16668333,0,0,51069956
8063624154666,8063624239000,8063590863672,8063597495919,26874415,16668333,0,0,50168807
8063657575666,8063657654000,8063625492204,8063634350591,22976181,16668333,0,0,49751413
8063690990666,8063691068000,8063659888186,8063667028379,23541999,16668333,0,0,49496880
8063724404666,8063741194000,8063694369025,8063707758861,33422672,16668333,0,0,49130740
8063824535665,8063824731000,8063799105992,8063807506097,16969290,16668333,0,0,49295400
8063858067666,8063874854000,8063831689793,8063837592435,32471820,16668333,0,0,48549602
8063891404332,8063891561000,8063865539171,8063872659835,18294445,16668333,0,0,48549602
8063924897666,8063924980000,8063899660745,8063906660436,18498837,16668333,0,0,47704226
8063958316666,8063975100000,8063933857687,8063938317030,32832681,16668333,0,0,47358028
8063974984999,8063991808000,8063941698032,8063950771999,32657564,16668333,0,0,47358028
8064008436666,8064008516000,8063975060599,8063980120596,28316267,16668333,0,0,46599044
8064025144666,8064041933000,8064002886649,8064008803445,32010876,16668333,0,0,46519583
8064058520999,8064075353000,8064037126403,8064043769394,31839526,16668333,0,0,46301655
8064091937999,8064108764000,8064071720502,8064078511409,29971010,16668333,0,0,45931110
8064125357999,8064142180000,8064105970675,8064112832595,28717417,16668333,0,0,45620868
8064158768999,8064175601000,8064140745021,8064148801500,26279152,16668333,0,0,45328430
8064208937666,8064225720000,8064175680278,8064187642519,29680829,16668333,0,0,44854211
8064242274332,8064242429000,8064210298152,8064218571519,23062087,16668333,0,0,44854211
8064275765666,8064275847000,8064244483251,8064251468263,23976657,16668333,0,0,44918434
8064309183666,8064325966000,8064279665550,8064293472026,31738150,16668333,0,0,44626701
8064342520332,8064342674000,8064313514298,8064319197745,22798163,16668333,0,0,44626701
8064426015665,8064442922000,8064408578591,8064418409423,24548353,16668333,0,0,44772925
8064459352331,8064476337000,8064441500321,8064446821966,29273030,16668333,0,0,44772925
8064492926999,8064509759000,8064475173432,8064480265373,29284134,16668333,0,0,44441638
8064526427333,8064543172000,8064509574833,8064514534838,28780500,16668333,0,0,43568969
8064559763999,8064576588000,8064542522111,8064549234633,27530987,16668333,0,0,43568969
8064576508666,8064593298000,8064544601191,8064557068880,30651830,16668333,0,0,43141802
8064609924666,8064610006000,8064576671739,8064582055982,27477050,16668333,0,0,42848278
8064626634666,8064643420000,8064609869547,8064615735645,28146896,16668333,0,0,42922050
8064676756666,8064693545000,8064644497497,8064657084727,28794364,16668333,0,0,42385233
8064710093332,8064710252000,8064678939638,8064682512140,28177228,16668333,0,0,42385233
8064743588666,8064743667000,8064713748747,8064720096646,22577669,16668333,0,0,42377151
8064777003666,8064777083000,8064748045921,8064753615808,23603199,16668333,0,0,42057565
8064810419666,8064810500000,8064782578839,8064792104589,17438201,16668333,0,0,41695700
8064843836666,8064843911000,8064817759972,8064825147707,18307127,16668333,0,0,41627975
8064877247666,8064877332000,8064851849934,8064860034849,17451077,16668333,0,0,41394329
8064910668666,8064927455000,8064886301400,8064897143195,27827228,16668333,0,0,41219660
8064944005332,8064960870000,8064920746373,8064927100269,-62071356,16668333,0,0,41219660
8065044211665,8065061121000,8065026614137,8065033892902,27357960,16668333,0,0,40953251
8065077548331,8065094531000,8065060128101,8065068690610,25112918,16668333,0,0,40953251
8065111125999,8065127952000,8065092661838,8065099531610,27803541,16668333,0,0,40221374
8065144535999,8065161363000,8065127394587,8065136451039,24790741,16668333,0,0,40084728
8065194699666,8065194783000,8065161436235,8065167952654,26577629,16668333,0,0,39734430
8065228119666,8065228196000,8065195947092,8065204522009,23010451,16668333,0,0,39455754
8065261532666,8065261615000,8065230753864,8065238204742,22558303,16668333,0,0,39329548
8065294951666,8065295030000,8065265649617,8065274811845,20188976,16668333,0,0,39119264
8065311619999,8065328443000,8065292623093,8065297526394,27999161,16668333,0,0,39119264
8065328366666,8065345151000,8065299899870,8065309988871,27171328,16668333,0,0,39040243
8065361779666,8065361859000,8065328727305,8065333692269,27630352,16668333,0,0,38658586
8065378487666,8065378570000,8065345498351,8065353871955,23808825,16668333,0,0,38661118
8065395195666,8065411983000,8065368949331,8065379878468,26450375,16668333,0,0,38477467
8065428574999,8065428693000,8065402840783,8065411143517,16621029,16668333,0,0,38414421
8065462029666,8065462105000,8065437061740,8065444200849,17043073,16668333,0,0,38412509
8065495441666,8065512235000,8065471421017,8065481786427,26340668,16668333,0,0,38183448
8065528778332,8065612478000,8065505324151,8065511664296,26737683,16668333,0,0,38183448
8065612244998,8065629186000,8065584204768,8065599335695,27374633,16668333,0,0,38210598
8065645814666,8065645894000,8065612429514,8065618743894,27118639,16668333,0,0,37333536
8065662522666,8065679309000,8065642141169,8065648534883,27918000,16668333,0,0,37535672
8065695898999,8065712729000,8065676501249,8065682848824,28038495,16668333,0,0,37394558
8065729313999,8065746139000,8065710934709,8065718812370,26479694,16668333,0,0,37122046
8065762733999,8065779555000,8065745920873,8065753491535,25485340,16668333,0,0,36854602
8065812891666,8065812972000,8065780740386,8065788870972,23483804,16668333,0,0,36520968
8065846308666,8065846387000,8065814914395,8065822053889,23612860,16668333,0,0,36386903
8065862976999,8065863098000,8065829937179,8065835724888,27427630,16668333,0,0,36386903
8065879723666,8065879809000,8065846391859,8065850352723,27481266,16668333,0,0,36182298
8065896434666,8065896513000,8065862829328,8065869686280,27099814,16668333,0,0,36036759
8065913145666,8065929933000,8065885783937,8065895672692,26744107,16668333,0,0,35832604
8065946517999,8065963342000,8065920519438,8065933444217,26885362,16668333,0,0,35729690
8065979937999,8065996759000,8065955555941,8065968487962,27126442,16668333,0,0,35754447
8066013346999,8066030179000,8065990807619,8065996569795,25088431,16668333,0,0,36004457
8066046763999,8066063592000,8066025245246,8066034723821,25995782,16668333,0,0,36228494
8066163601998,8066180549000,8066140132999,8066148888857,26208860,16668333,0,0,35842401
8066196938664,8066197260000,8066172424351,8066179748425,17726275,16668333,0,0,35842401
8066230596666,8066247380000,8066206412540,8066215340150,25310068,16668333,0,0,35319198
8066263933332,8066280796000,8066241340686,8066249864914,26394967,16668333,0,0,35319198
8066297384999,8066297504000,8066268715600,8066279076796,18405603,16668333,0,0,35159453
8066314132666,8066314211000,8066280448690,8066290051507,24669667,16668333,0,0,35018327
8066330840666,8066330921000,8066297230051,8066300504623,26554710,16668333,0,0,35019531
8066347547666,8066347627000,8066313963573,8066318345450,25734953,16668333,0,0,34988834
8066364257666,8066381042000,8066344598975,8066351687164,26187107,16668333,0,0,34739427
8066397631999,8066414462000,8066378968639,8066386326482,25499346,16668333,0,0,34533153
8066431046999,8066447875000,8066414209122,8066420750637,24454909,16668333,0,0,34310715
8066481211666,8066481295000,8066448991451,8066454892247,24850505,16668333,0,0,33863437
8066514631666,8066514709000,8066483698492,8066491692877,22143606,16668333,0,0,33579583
8066548045666,8066548126000,8066517844689,8066524713815,23025793,16668333,0,0,33447419
8066581462666,8066581536000,8066552373652,8066561169526,19899197,16668333,0,0,33238602
8066614872666,8066614955000,8066586770380,8066593298644,21025214,16668333,0,0,33174945
8066731633331,8066731913000,8066706937946,8066714055851,17800579,16668333,0,0,32944816
8066765249666,8066765328000,8066740893899,8066746329684,18987998,16668333,0,0,32300952
8066798664666,8066815452000,8066775535640,8066784457094,23612094,16668333,0,0,32017554
8066832001332,8066848862000,8066810133648,8066819541454,24581456,16668333,0,0,32017554
8066865456999,8066882283000,8066844511325,8066850625783,24836222,16668333,0,0,31981843
8066882198666,8066898989000,8066856930911,8066869509930,24588946,16668333,0,0,31985647
8066915619666,8066915695000,8066882191258,8066886342231,24402455,16668333,0,0,31742042
8066932325666,8066949112000,8066912362524,8066918210748,23627300,16668333,0,0,31867830
8066965699999,8066982533000,8066946751089,8066955991494,23435191,16668333,0,0,31679045
8066999116999,8067015948000,8066981368076,8066989199546,23321254,16668333,0,0,31423362
8067032616333,8067049359000,8067015981441,8067025188452,24601169,16668333,0,0,31302826
8067082695666,8067082780000,8067050435642,8067055999769,24274861,16668333,0,0,31290654
8067116116666,8067116196000,8067084302937,8067091499721,23739827,16668333,0,0,31011716
8067149532666,8067149609000,8067118546802,8067124313781,23653281,16668333,0,0,30852551
8067182945666,8067183023000,8067153135065,8067160797317,21317061,16668333,0,0,30600513
8067216282332,8067299977000,8067187688038,8067194864646,23891799,16668333,0,0,30600513
8067299701331,8067316685000,8067268873218,8067289317046,23429694,16668333,0,0,30486083
8067333313666,8067333394000,8067299873120,8067305723315,22633211,16668333,0,0,29964394
8067350021666,8067366811000,8067323755558,8067333772564,23286029,16668333,0,0,33905766
8067383398999,8067383519000,8067357699992,8067364002358,18946826,16668333,0,0,33766299
8067416855666,8067433646000,8067391757616,8067405325849,22833332,16668333,0,0,33669031
8067450192332,8067450351000,8067426080022,8067432541298,16984359,16668333,0,0,33669031
8067483687666,8067500476000,8067460533408,8067471716236,23497821,16668333,0,0,33980948
8067517024332,8067533888000,8067495295059,8067500107662,23345603,16668333,0,0,33980948
8067550480999,8067567304000,8067528822734,8067533670836,22803673,16668333,0,0,34094457
8067583892999,8067600721000,8067562710495,8067568321744,22033633,16668333,0,0,33695445
8067617308999,8067634139000,8067597037973,8067603542253,22228290,16668333,0,0,33316749
8067650725999,8067667553000,8067632153774,8067641770292,21680401,16668333,0,0,33005727
8067684143999,8067700971000,8067666073473,8067675004600,21978789,16668333,0,0,32766589
8067717557999,8067734389000,8067700165640,8067710188652,23189864,16668333,0,0,32762049
8067751057333,8067767801000,8067734410123,8067740758440,22679482,16668333,0,0,32710570
8067801137666,8067801216000,8067769051811,8067774743197,21560161,16668333,0,0,32450045
8067901225998,8067901468000,8067873690929,8067880036603,21242946,16668333,0,0,32154645
8067934804666,8067934882000,8067906380212,8067913791804,20666742,16668333,0,0,31433856
8067968218666,8067985006000,8067940847008,8067957661455,20601731,16668333,0,0,31288214
8068001555332,8068001712000,8067975631450,8067980659497,21249458,16668333,0,0,31288214
8068035048666,8068051835000,8068009666288,8068015639194,22199438,16668333,0,0,31986424
8068068385332,8068085253000,8068043823949,8068058255198,22072018,16668333,0,0,31986424
8068101839999,8068101960000,8068077131262,8068081754734,20476552,16668333,0,0,31546059
8068118589666,8068118669000,8068085029147,8068089077460,21833418,16668333,0,0,31905034
8068135296666,8068135377000,8068102352080,8068109310810,22184075,16668333,0,0,31707996
8068152005666,8068152084000,8068118453824,8068122046715,21506192,16668333,0,0,31496309
8068168713666,8068185500000,8068147431680,8068160012864,21782780,16668333,0,0,31386979
8068202088999,8068218913000,8068181849622,8068186211584,21146115,16668333,0,0,31166864
8068235504999,8068252329000,8068216994862,8068224182363,21361017,16668333,0,0,31388026
8068268917999,8068285746000,8068251148263,8068259848761,20924393,16668333,0,0,30990375
8068302333999,8068319162000,8068284959098,8068291622995,21494307,16668333,0,0,30800258
8068352498666,8068352579000,8068320043466,8068328104914,21059900,16668333,0,0,30500865
8068385915666,8068385998000,8068354575862,8068360539150,21774016,16668333,0,0,30379595
8068452671332,8068502952000,8068422979540,8068430597685,21663844,16668333,0,0,30117978
8068502676331,8068519657000,8068475809634,8068489979054,21361500,16668333,0,0,30117978
8068536288666,8068536366000,8068502858530,8068509172780,20776013,16668333,0,0,29623981
8068552993666,8068553073000,8068525676192,8068531633428,21884144,16668333,0,0,29810903
8068586409666,8068586494000,8068560039392,8068566019588,21029400,16668333,0,0,29565182
8068619830666,8068619907000,8068594634839,8068601896623,17316496,16668333,0,0,29315943
8068653243666,8068670029000,8068629108361,8068637114760,20402764,16668333,0,0,29161673
8068686580332,8068703443000,8068662825782,8068669989291,20195048,16668333,0,0,29161673
8068720033999,8068736859000,8068697521855,8068705088550,20438163,16668333,0,0,29013776
8068753447999,8068770275000,8068731551289,8068744906910,20847015,16668333,0,0,28855088
8068786863999,8068803696000,8068765726307,8068771284372,19629942,16668333,0,0,28726693
8068820279999,8068837108000,8068800355602,8068808476167,20139983,16668333,0,0,29049369
8068853700999,8068870524000,8068835195302,8068844146772,20275125,16668333,0,0,28763178
8068887112999,8068903940000,8068869456914,8068877248517,21992360,16668333,0,0,28662465
8068920608333,8068937355000,8068903819078,8068911235911,20937082,16668333,0,0,28497038
8068970691666,8068970772000,8068938193977,8068944906088,20363932,16668333,0,0,28344491
8069004108666,8069004187000,8068972744222,8068977993585,21409242,16668333,0,0,28148035
8069104196998,8069104439000,8069075254787,8069080458712,20999748,16668333,0,0,27860005
8069137775666,8069137852000,8069109560580,8069116765104,19319683,16668333,0,0,27023742
8069171188666,8069171268000,8069143993458,8069151424364,19605467,16668333,0,0,26914067
8069204604666,8069204686000,8069178707952,8069187585003,16340217,16668333,0,0,26822597
8069238022666,8069254809000,8069214039550,8069227265617,18369844,16668333,0,0,26843255
8069271359332,8069288222000,8069248647481,8069256083923,19517113,16668333,0,0,26843255
8069304813999,8069321637000,8069282705528,8069290497194,19117903,16668333,0,0,27370611
8069338226999,8069338345000,8069305429395,8069312512143,18870692,16668333,0,0,27230321
8069354973666,8069355054000,8069321654143,8069327045752,18233809,16668333,0,0,27116499
8069371681666,8069388470000,8069352472741,8069358460218,19506376,16668333,0,0,27036400
8069405058999,8069421887000,8069387149617,8069391755354,19509031,16668333,0,0,26900817
8069438474999,8069455301000,8069421600840,8069426107174,19933825,16668333,0,0,26675280
8069488637666,8069488719000,8069456384836,8069461773846,18997969,16668333,0,0,26064155
8069522055666,8069522134000,8069490929285,8069497130590,18924151,16668333,0,0,25835048
8069555470666,8069555549000,8069525403246,8069532986090,18740382,16668333,0,0,25669138
8069655558998,8069655798000,8069626510927,8069633241687,19541925,16668333,0,0,25606052
8069672227331,8069672507000,8069639318355,8069647858104,19606422,16668333,0,0,25606052
8069689134666,8069689214000,8069662827855,8069669267901,19221147,16668333,0,0,25223241
8069722550666,8069739336000,8069697338108,8069705517708,19466606,16668333,0,0,25159883
8069755887332,8069772751000,8069732180039,8069739508777,19408771,16668333,0,0,25159883
8069789340999,8069806167000,8069766585245,8069775906803,19805156,16668333,0,0,25140319
8069822755999,8069839582000,8069801611225,8069809382985,20371665,16668333,0,0,25052873
8069856171999,8069872999000,8069836374296,8069845388417,20423041,16668333,0,0,25120509
8069889586999,8069906415000,8069870822077,8069880404549,20362977,16668333,0,0,25056554
8069923003999,8069939835000,8069905252499,8069911733683,19485389,16668333,0,0,25087640
8069956419999,8069973246000,8069939587505,8069946041225,19353072,16668333,0,0,25154817
8070006582666,8070006663000,8069974533910,8069982747259,19480531,16668333,0,0,24813015
8070039999666,8070040081000,8070008797962,8070015865276,19201370,16668333,0,0,24775341
8070073417666,8070073497000,8070043299009,8070051907169,18724529,16668333,0,0,24649755
8070106833666,8070106913000,8070077982197,8070085314462,19637359,16668333,0,0,24642244
8070206922998,8070207160000,8070176924846,8070185785772,20205009,16668333,0,0,24532286
8070240496666,8070240573000,8070210317836,8070216743735,22000855,16668333,0,0,24557644
8070273909666,8070273988000,8070244662608,8070251890085,22232660,16668333,0,0,24372265
8070307324666,8070307408000,8070278266347,8070285938999,21571709,16668333,0,0,24247117
8070340744666,8070340819000,8070312645879,8070320568203,19661312,16668333,0,0,24154387
8070374155666,8070374240000,8070346715513,8070355935534,18416447,16668333,0,0,24081621
8070390823999,8070407653000,8070374046064,8070382520208,22608115,16668333,0,0,24081621
8070407576666,8070424364000,8070381169903,8070392307062,20967412,16668333,0,0,24109257
8070440989666,8070441069000,8070407730270,8070415501902,20718370,16668333,0,0,24071203
8070457700666,8070457776000,8070424435454,8070432277054,20920287,16668333,0,0,24154476
8070474405666,8070491192000,8070450339713,8070458348357,20125122,16668333,0,0,24103325
8070507780999,8070524609000,8070485393509,8070493095894,19962256,16668333,0,0,24054835
8070541196999,8070558029000,8070519961372,8070528621417,20137919,16668333,0,0,23970228
8070574613999,8070591441000,8070554127303,8070561220546,19640833,16668333,0,0,23864619
8070608033999,8070624857000,8070589179023,8070597917292,19657137,16668333,0,0,23832724
8070641445999,8070658275000,8070623441975,8070630581571,20223290,16668333,0,0,23685209
8070691530332,8070758518000,8070658473463,8070666721907,28144346,16668333,0,0,23661176
8070758284998,8070775231000,8070731443196,8070745649007,21207472,16668333,0,0,23517969
8070791854666,8070808648000,8070761420594,8070774227952,26347163,16668333,0,0,23334357
8070825235999,8070825352000,8070795397789,8070802134383,23544615,16668333,0,0,23534185
8070858688666,8070858771000,8070829751759,8070838380088,19436920,16668333,0,0,23706947
8070892107666,8070892185000,8070863870682,8070869543239,21780676,16668333,0,0,23636411
8070925521666,8070925602000,8070898351647,8070906727303,18068230,16668333,0,0,23365919
8070958938666,8070959018000,8070932650175,8070941099222,17211970,16668333,0,0,23290149
8070992354666,8071009140000,8070966990383,8070980043132,24005666,16668333,0,0,23220009
8071025691332,8071025847000,8071001277895,8071006768752,19629321,16668333,0,0,23220009
8071059183666,8071059264000,8071035672298,8071041758748,17525160,16668333,0,0,23501674
8071092600666,8071109386000,8071070244710,8071077809138,24333735,16668333,0,0,23247257
8071125937332,8071142803000,8071105219305,8071112521025,23890812,16668333,0,0,23247257
8071159390999,8071176217000,8071139062286,8071145596338,25127382,16668333,0,0,23031724
8071192807999,8071209636000,8071173230267,8071177203058,24899175,16668333,0,0,22877317
8071309645998,8071309884000,8071279042577,8071286312842,23693779,16668333,0,0,22313783
8071343220666,8071343298000,8071311749116,8071319332804,24200585,16668333,0,0,21943508
8071376634666,8071376715000,8071346218133,8071355113557,21992386,16668333,0,0,21851046
8071410051666,8071410131000,8071380625048,8071387468256,22750564,16668333,0,0,21860086
8071443467666,8071443543000,8071415300476,8071422246531,20664326,16668333,0,0,21714839
8071476879666,8071476964000,8071449884733,8071458405515,17602897,16668333,0,0,21581408
8071510300666,8071527088000,8071484156745,8071497518069,23445858,16668333,0,0,21566219
8071543637332,8071560499000,8071518831498,8071528198867,22688784,16668333,0,0,21566219
8071577092999,8071593919000,8071553017663,8071567357519,23551910,16668333,0,0,22103925
8071610503999,8071610624000,8071587448458,8071591200630,19452381,16668333,0,0,22107474
8071643960666,8071644039000,8071621737924,8071626328614,17400791,16668333,0,0,22286887
8071677375666,8071694165000,8071656227105,8071663748298,22045464,16668333,0,0,21940570
8071710712332,8071727579000,8071690449759,8071698171511,22294351,16668333,0,0,21940570
8071744169999,8071760996000,8071725510809,8071735355639,22642754,16668333,0,0,21742578
8071777583999,8071794410000,8071759573353,8071766756786,22658342,16668333,0,0,21630282
8071794332666,8071811119000,8071767189243,8071773120572,22077972,16668333,0,0,21680625
8071827746666,8071911366000,8071794303786,8071799809671,30172482,16668333,0,0,21528428
8071911128998,8071928079000,8071882218473,8071895026419,22553630,16668333,0,0,21413290
8071944702666,8071944783000,8071911222822,8071917544848,25887726,16668333,0,0,20653509
8071961415666,8071961490000,8071931183516,8071939305875,21556774,16668333,0,0,20818255
8071994826666,8071994907000,8071965581509,8071971931782,22573651,16668333,0,0,20709201
8072028243666,8072028325000,8071999212781,8072007962668,19466930,16668333,0,0,20541123
8072061661666,8072061739000,8072033409238,8072041816961,20094039,16668333,0,0,20552027
8072095075666,8072111863000,8072067855196,8072080885112,24063781,16668333,0,0,20531072
8072128412332,8072128569000,8072101941240,8072107758599,20548844,16668333,0,0,20531072
8072161905666,8072161988000,8072135617317,8072143030017,18554249,16668333,0,0,20916407
8072195324666,8072195406000,8072170010323,8072177190953,17526008,16668333,0,0,20790150
8072228742666,8072245523000,8072204253691,8072217000783,24329662,16668333,0,0,20652502
8072262079332,8072262234000,8072238490690,8072244141481,17627664,16668333,0,0,20652502
8072295570666,8072312357000,8072272795264,8072279851817,23017341,16668333,0,0,20955695
8072328907332,8072345777000,8072307601609,8072314702870,24029807,16668333,0,0,20955695
8072362361999,8072379192000,8072341885129,8072351479301,23495231,16668333,0,0,20708039
8072379113666,8072395901000,8072355396120,8072367358261,24716949,16668333,0,0,20556073
8072412528666,8072412604000,8072379034100,8072384603410,24764211,16668333,0,0,20591512
8072429237666,8072496143000,8072395849827,8072400888315,89384822,16668333,0,0,20698231
8072529479666,8072546270000,8072496266621,8072501487000,39749937,16668333,0,0,19840151
8072546147999,8072562975000,8072520692975,8072528156199,34578531,16668333,0,0,19840151
8072579606666,8072596391000,8072555610135,8072562910106,22329140,16668333,0,0,19479387
8072612979999,8072629808000,8072590405445,8072599288006,22258009,16668333,0,0,19443072
8072646395999,8072663221000,8072624793971,8072634530579,21347604,16668333,0,0,19359912
8072679812999,8072696637000,8072659135145,8072667559202,21906646,16668333,0,0,19399013
8072713225999,8072730058000,8072693946703,8072699565143,22003607,16668333,0,0,19497964
8072746641999,8072763471000,8072728290780,8072735750164,22325612,16668333,0,0,19483823
8072780062999,8072796888000,8072762346256,8072768842056,22954510,16668333,0,0,19272223
8072813475999,8072830302000,8072796176455,8072802737011,22081064,16668333,0,0,19193854
8072863638666,8072863718000,8072830282203,8072838929922,22851833,16668333,0,0,18920711
8072897054666,8072897135000,8072863724352,8072869930345,22136814,16668333,0,0,18946147
8072930471666,8072930551000,8072897320552,8072903016106,22283970,16668333,0,0,18790863
8072963887666,8072963965000,8072931486813,8072938601607,22003906,16668333,0,0,18607970
8072980555999,8072980679000,8072950543373,8072955428630,22073250,16668333,0,0,18607970
8073014015666,8073014094000,8072980610852,8072984344056,21543018,16668333,0,0,18414663
8073030683999,8073097630000,8072996674020,8073003122252,17981485,16668333,0,0,18414663
8073097435665,8073114338000,8073080687343,8073088976697,21884588,16668333,0,0,18116176
8073130966666,8073131049000,8073097567778,8073102838898,22245277,16668333,0,0,17863944
8073147674666,8073164461000,8073120185373,8073133367768,20899220,16668333,0,0,17886256
8073181053999,8073181168000,8073154768176,8073163115378,17731274,16668333,0,0,17798714
8073214504666,8073214584000,8073189374809,8073196380015,17341287,16668333,0,0,19862698
8073247920666,8073264712000,8073223891674,8073237667227,21019788,16668333,0,0,19768357
8073281257332,8073298123000,8073257902619,8073264511740,21394565,16668333,0,0,19768357
8073314716999,8073331539000,8073292923929,8073303765680,21834412,16668333,0,0,20843648
8073348127999,8073364959000,8073326911272,8073335769877,21682730,16668333,0,0,20679460
8073381543999,8073398376000,8073361455422,8073369536415,21667082,16668333,0,0,20837446
8073414963999,8073431790000,8073395885732,8073403304556,22172256,16668333,0,0,20825705
8073448380999,8073465204000,8073430818885,8073438104133,21550265,16668333,0,0,20750492
8073498540666,8073498622000,8073465180840,8073473333489,22390839,16668333,0,0,20507688
8073531958666,8073532036000,8073499798532,8073506514841,21093972,16668333,0,0,20446840
8073565372666,8073565453000,8073534061233,8073539034956,22371603,16668333,0,0,20288674
